Date,CPI,Open,High,Low,Volume,Currency
2010-01-04,442,430,442,430,232188400,USD
2010-01-05,446,442,446,441,260402288,USD
2010-01-06,450,446,451,445,276306752,USD
2010-01-07,449,450,450,445,202070704,USD
2010-01-08,451,449,451,446,210275664,USD
2010-01-11,452,451,455,449,230907792,USD
2010-01-12,446,452,452,444,232910416,USD
2010-01-13,447,446,449,440,218747776,USD
2010-01-14,448,447,449,445,180446928,USD
2010-01-15,445,448,448,442,238938592,USD
2010-01-19,449,445,449,443,235509056,USD
2010-01-20,441,449,449,438,247227504,USD
2010-01-21,432,441,442,431,309696128,USD
2010-01-22,423,432,433,422,320603392,USD
2010-01-25,425,423,429,423,230624560,USD
2010-01-26,423,425,430,420,275023456,USD
2010-01-27,421,423,425,415,301705024,USD
2010-01-28,416,421,424,412,281487424,USD
2010-01-29,411,416,423,408,318762016,USD
2010-02-01,423,411,423,411,235350208,USD
2010-02-02,429,423,429,422,251923776,USD
2010-02-03,425,429,430,424,216373856,USD
2010-02-04,409,425,425,408,298097696,USD
2010-02-05,408,409,410,398,351607520,USD
2010-02-08,405,408,413,405,232728240,USD
2010-02-09,413,405,417,405,282480128,USD
2010-02-10,411,413,413,405,230876544,USD
2010-02-11,417,411,418,408,223126384,USD
2010-02-12,415,416,416,409,247785888,USD
2010-02-16,426,415,427,415,240760320,USD
2010-02-17,424,426,427,422,220075760,USD
2010-02-18,426,424,427,422,229109568,USD
2010-02-19,427,426,429,423,272520576,USD
2010-02-22,422,427,427,421,425314592,USD
2010-02-23,415,422,422,414,318629696,USD
2010-02-24,418,415,420,414,256554896,USD
2010-02-25,418,418,418,409,243467760,USD
2010-02-26,418,418,420,415,220174752,USD
2010-03-01,422,418,423,418,225588432,USD
2010-03-02,426,422,428,422,256088192,USD
2010-03-03,426,426,430,426,243179152,USD
2010-03-04,425,426,428,423,244304640,USD
2010-03-05,432,425,433,425,249418192,USD
2010-03-08,432,432,434,430,206622032,USD
2010-03-09,432,432,434,430,305186592,USD
2010-03-10,435,432,436,431,269575680,USD
2010-03-11,435,435,435,433,197182464,USD
2010-03-12,434,435,437,433,203220384,USD
2010-03-15,430,434,434,426,214310688,USD
2010-03-16,434,430,434,429,250901168,USD
2010-03-17,439,434,441,434,297345536,USD
2010-03-18,434,439,439,431,270275168,USD
2010-03-19,430,434,435,425,353771360,USD
2010-03-22,428,430,430,423,259896000,USD
2010-03-23,430,428,430,426,252957360,USD
2010-03-24,427,430,430,426,264435824,USD
2010-03-25,420,427,430,420,290810528,USD
2010-03-26,421,420,423,419,328702784,USD
2010-03-29,429,421,429,421,262601984,USD
2010-03-30,429,429,430,427,226476160,USD
2010-03-31,430,429,432,427,264411424,USD
2010-04-01,437,430,438,430,234882256,USD
2010-04-05,445,437,445,437,227085504,USD
2010-04-06,445,445,446,442,240050576,USD
2010-04-07,440,445,445,438,280675264,USD
2010-04-08,443,440,444,436,238957856,USD
2010-04-09,448,443,448,443,219422816,USD
2010-04-12,449,448,451,447,190999760,USD
2010-04-13,447,449,449,443,219720592,USD
2010-04-14,451,447,451,446,215414816,USD
2010-04-15,451,451,452,449,216406976,USD
2010-04-16,444,451,451,442,319042624,USD
2010-04-19,445,444,445,440,242236912,USD
2010-04-20,454,445,455,445,242603424,USD
2010-04-21,453,454,456,450,217014064,USD
2010-04-22,453,453,453,446,229067472,USD
2010-04-23,463,453,463,452,284629824,USD
2010-04-26,462,463,465,461,218744112,USD
2010-04-27,449,462,463,448,322014560,USD
2010-04-28,454,449,455,448,270138144,USD
2010-04-29,454,454,459,452,436034464,USD
2010-04-30,449,454,456,447,472123776,USD
2010-05-03,454,449,457,446,343842432,USD
2010-05-04,442,454,454,438,299337728,USD
2010-05-05,435,442,442,432,325316192,USD
2010-05-06,420,435,436,395,465005056,USD
2010-05-07,414,420,425,410,469619168,USD
2010-05-10,430,414,432,414,375271840,USD
2010-05-11,427,430,433,426,322422080,USD
2010-05-12,432,427,434,427,260350384,USD
2010-05-13,429,432,435,428,253909456,USD
2010-05-14,421,429,429,415,293958432,USD
2010-05-17,417,420,423,409,308927744,USD
2010-05-18,414,417,425,412,298459200,USD
2010-05-19,409,414,415,403,331659360,USD
2010-05-20,391,409,409,391,455645824,USD
2010-05-21,398,391,398,384,412808672,USD
2010-05-24,389,398,398,389,273089792,USD
2010-05-25,389,389,390,377,391543648,USD
2010-05-26,388,389,397,387,327418112,USD
2010-05-27,404,388,405,388,337112640,USD
2010-05-28,396,404,404,394,349743264,USD
2010-06-01,379,396,396,379,468359328,USD
2010-06-02,396,379,396,379,404777344,USD
2010-06-03,400,396,401,391,390004800,USD
2010-06-04,386,400,400,384,407212192,USD
2010-06-07,383,386,392,383,300705088,USD
2010-06-08,390,383,391,381,374507904,USD
2010-06-09,385,390,399,384,377949344,USD
2010-06-10,404,385,405,385,319421856,USD
2010-06-11,406,404,406,400,217446784,USD
2010-06-14,404,406,413,404,264572848,USD
2010-06-15,415,404,415,404,243913472,USD
2010-06-16,414,415,417,410,243003888,USD
2010-06-17,415,414,415,410,221759904,USD
2010-06-18,417,415,418,412,273483296,USD
2010-06-21,416,417,425,414,245489936,USD
2010-06-22,405,416,416,404,274187360,USD
2010-06-23,401,405,405,399,259597760,USD
2010-06-24,393,401,401,391,271385376,USD
2010-06-25,393,393,396,389,455140896,USD
2010-06-28,387,393,394,387,223794624,USD
2010-06-29,376,387,387,373,312718848,USD
2010-06-30,373,376,381,373,293269248,USD
2010-07-01,372,373,376,366,338783584,USD
2010-07-02,371,372,375,368,224896304,USD
2010-07-06,375,371,380,371,255184128,USD
2010-07-07,387,375,387,375,286828608,USD
2010-07-08,392,387,393,386,263354736,USD
2010-07-09,394,392,394,390,189828624,USD
2010-07-12,393,394,395,390,181398400,USD
2010-07-13,398,393,400,393,221751584,USD
2010-07-14,397,398,399,394,185378528,USD
2010-07-15,397,397,399,391,205853344,USD
2010-07-16,387,397,397,385,259616032,USD
2010-07-19,391,387,393,387,218219136,USD
2010-07-20,398,391,399,386,230324192,USD
2010-07-21,393,398,400,389,230177376,USD
2010-07-22,401,393,404,393,227114336,USD
2010-07-23,402,401,402,396,237607520,USD
2010-07-26,407,402,407,402,182707040,USD
2010-07-27,405,407,408,402,244293744,USD
2010-07-28,405,405,407,403,207312096,USD
2010-07-29,404,404,410,401,244894576,USD
2010-07-30,403,404,405,399,225160112,USD
2010-08-02,417,403,418,403,237290288,USD
2010-08-03,418,417,420,414,253466928,USD
2010-08-04,420,418,421,417,226085824,USD
2010-08-05,421,420,421,416,179811472,USD
2010-08-06,416,421,421,410,206555232,USD
2010-08-09,418,416,419,416,143397936,USD
2010-08-10,415,418,418,411,194671600,USD
2010-08-11,403,414,414,402,217240144,USD
2010-08-12,401,403,404,398,177970864,USD
2010-08-13,399,401,403,399,155261040,USD
2010-08-16,400,399,401,395,155677488,USD
2010-08-17,406,399,408,399,183896144,USD
2010-08-18,401,406,406,398,171242544,USD
2010-08-19,395,401,401,393,184226640,USD
2010-08-20,390,395,395,388,182699472,USD
2010-08-23,391,390,395,390,177024656,USD
2010-08-24,386,391,391,385,230146944,USD
2010-08-25,385,386,386,379,204281792,USD
2010-08-26,381,385,388,379,202265888,USD
2010-08-27,391,381,392,378,198301728,USD
2010-08-30,385,391,391,385,148625536,USD
2010-08-31,384,385,387,381,193115712,USD
2010-09-01,398,384,399,384,205988992,USD
2010-09-02,402,398,402,396,166602928,USD
2010-09-03,405,402,407,402,147779872,USD
2010-09-07,399,405,405,398,159227408,USD
2010-09-08,402,399,404,399,146361744,USD
2010-09-09,403,402,408,402,136737200,USD
2010-09-10,407,403,408,403,155162368,USD
2010-09-13,409,407,410,407,170068960,USD
2010-09-14,408,409,412,407,155396400,USD
2010-09-15,408,408,408,404,157034976,USD
2010-09-16,406,408,408,404,171325936,USD
2010-09-17,404,406,408,404,223590352,USD
2010-09-20,411,404,413,404,165702272,USD
2010-09-21,411,411,413,408,192979072,USD
2010-09-22,409,411,415,408,165339952,USD
2010-09-23,406,409,409,404,159813456,USD
2010-09-24,415,406,416,406,185244016,USD
2010-09-27,413,415,416,413,139245632,USD
2010-09-28,416,413,417,409,163985328,USD
2010-09-29,419,416,421,414,194904672,USD
2010-09-30,419,419,424,416,211007440,USD
2010-10-01,425,419,426,419,204404000,USD
2010-10-04,420,425,425,417,162326720,USD
2010-10-05,430,420,431,420,209464528,USD
2010-10-06,433,430,434,430,182752528,USD
2010-10-07,432,433,435,429,153409776,USD
2010-10-08,437,432,438,430,172373328,USD
2010-10-11,437,437,439,436,132657584,USD
2010-10-12,437,437,439,431,180816288,USD
2010-10-13,442,437,444,437,240612736,USD
2010-10-14,441,442,444,438,171805952,USD
2010-10-15,442,441,444,438,202530480,USD
2010-10-18,446,442,447,440,182818656,USD
2010-10-19,435,446,446,432,246863552,USD
2010-10-20,441,435,444,435,189527664,USD
2010-10-21,441,441,446,437,213454656,USD
2010-10-22,444,441,445,441,181567504,USD
2010-10-25,444,444,451,444,191735520,USD
2010-10-26,446,444,446,443,197073696,USD
2010-10-27,443,445,445,437,216181088,USD
2010-10-28,443,443,447,441,279571872,USD
2010-10-29,443,443,443,440,219323200,USD
2010-11-01,444,443,449,442,204428576,USD
2010-11-02,449,444,451,444,200698480,USD
2010-11-03,450,449,450,443,271268992,USD
2010-11-04,463,450,463,450,283123680,USD
2010-11-05,465,463,465,462,231054144,USD
2010-11-08,467,465,467,463,207234704,USD
2010-11-09,465,466,471,463,260604560,USD
2010-11-10,471,465,471,462,229865520,USD
2010-11-11,476,471,476,470,232147840,USD
2010-11-12,470,476,476,466,214235008,USD
2010-11-15,467,469,472,467,181181936,USD
2010-11-16,458,467,467,454,232737200,USD
2010-11-17,459,458,462,455,165376976,USD
2010-11-18,469,459,470,459,194112656,USD
2010-11-19,472,469,472,464,189516208,USD
2010-11-22,470,472,472,462,183671760,USD
2010-11-23,462,470,470,458,192612512,USD
2010-11-24,470,462,470,462,149988352,USD
2010-11-26,464,470,470,463,60340460,USD
2010-11-29,467,464,468,458,164893712,USD
2010-11-30,465,467,469,460,217503440,USD
2010-12-01,479,465,480,465,212536464,USD
2010-12-02,485,479,486,479,196564528,USD
2010-12-03,487,485,488,483,186260272,USD
2010-12-06,489,487,490,486,163731920,USD
2010-12-07,487,489,495,487,223816304,USD
2010-12-08,486,487,490,483,194341168,USD
2010-12-09,487,486,489,483,147673872,USD
2010-12-10,489,487,489,486,146140512,USD
2010-12-13,493,489,497,489,185095328,USD
2010-12-14,491,493,495,490,159449504,USD
2010-12-15,488,491,492,487,176392064,USD
2010-12-16,491,488,491,485,161160096,USD
2010-12-17,491,491,492,489,219697936,USD
2010-12-20,494,491,496,490,188362016,USD
2010-12-21,499,494,499,494,147634000,USD
2010-12-22,501,499,501,499,118541968,USD
2010-12-23,502,501,502,500,98267264,USD
2010-12-27,500,502,502,499,76818680,USD
2010-12-28,502,500,503,500,88190488,USD
2010-12-29,506,502,508,502,105427344,USD
2010-12-30,507,506,509,505,110908816,USD
2010-12-31,507,507,509,505,99524400,USD
2011-01-03,512,507,514,507,161475664,USD
2011-01-04,508,512,513,504,191928032,USD
2011-01-05,509,508,510,504,182640064,USD
2011-01-06,506,509,511,504,198522576,USD
2011-01-07,509,506,510,505,184094752,USD
2011-01-10,507,509,509,504,170364896,USD
2011-01-11,515,507,515,507,182428416,USD
2011-01-12,521,515,522,515,186406896,USD
2011-01-13,520,521,523,518,241645456,USD
2011-01-14,526,520,526,517,200192416,USD
2011-01-18,530,526,530,525,178927632,USD
2011-01-19,524,530,531,523,197000336,USD
2011-01-20,521,524,524,514,244829088,USD
2011-01-21,524,521,527,521,226650240,USD
2011-01-24,525,524,527,522,193207728,USD
2011-01-25,524,525,525,519,231005488,USD
2011-01-26,535,524,537,524,254866752,USD
2011-01-27,533,535,536,530,244758848,USD
2011-01-28,530,533,534,529,272400352,USD
2011-01-31,544,530,544,530,307457632,USD
2011-02-01,554,544,555,544,280193152,USD
2011-02-02,554,554,557,551,205355152,USD
2011-02-03,554,554,555,547,204957088,USD
2011-02-04,553,554,555,550,203372864,USD
2011-02-07,556,553,559,553,214162432,USD
2011-02-08,553,555,555,549,190742464,USD
2011-02-09,546,553,553,542,185386496,USD
2011-02-10,551,546,552,543,204332544,USD
2011-02-11,551,551,555,548,181169072,USD
2011-02-14,563,550,563,550,215563008,USD
2011-02-15,556,563,563,554,197865040,USD
2011-02-16,563,556,564,556,232184384,USD
2011-02-17,568,563,569,562,284909248,USD
2011-02-18,571,568,572,566,239365264,USD
2011-02-22,568,571,580,565,294882176,USD
2011-02-23,579,568,583,568,317604480,USD
2011-02-24,570,579,581,567,286830848,USD
2011-02-25,577,570,578,570,212986016,USD
2011-02-28,581,577,583,576,215492896,USD
2011-03-01,572,581,585,571,251067392,USD
2011-03-02,575,572,576,566,206923024,USD
2011-03-03,584,575,584,575,206260080,USD
2011-03-04,580,584,584,576,188570448,USD
2011-03-07,576,580,587,574,181435040,USD
2011-03-08,572,575,576,567,168323424,USD
2011-03-09,568,572,573,566,155089520,USD
2011-03-10,548,568,568,546,260218400,USD
2011-03-11,557,548,560,542,186092512,USD
2011-03-14,559,557,560,551,217469584,USD
2011-03-15,554,559,559,540,244888048,USD
2011-03-16,544,554,559,539,310786688,USD
2011-03-17,561,544,563,544,227851760,USD
2011-03-18,559,561,569,558,272407936,USD
2011-03-21,575,559,575,559,189614288,USD
2011-03-22,573,575,577,572,165177504,USD
2011-03-23,575,573,576,570,170476512,USD
2011-03-24,576,575,578,572,180074112,USD
2011-03-25,581,576,583,576,191357360,USD
2011-03-28,581,581,587,579,179791056,USD
2011-03-29,587,581,588,578,194334640,USD
2011-03-30,591,587,594,587,202206048,USD
2011-03-31,589,591,598,589,194455104,USD
2011-04-01,592,589,595,589,171707360,USD
2011-04-04,592,592,594,591,144863232,USD
2011-04-05,594,592,597,590,159266656,USD
2011-04-06,588,594,597,586,165636320,USD
2011-04-07,589,588,591,584,172851360,USD
2011-04-08,591,589,595,588,180966400,USD
2011-04-11,580,591,592,578,173512096,USD
2011-04-12,563,580,580,560,254926176,USD
2011-04-13,564,563,569,560,189159120,USD
2011-04-14,568,564,570,560,192384640,USD
2011-04-15,573,568,574,566,186782640,USD
2011-04-18,564,573,573,559,187967936,USD
2011-04-19,571,564,571,564,179147600,USD
2011-04-20,583,571,583,571,185568608,USD
2011-04-21,587,583,587,582,166809264,USD
2011-04-25,583,587,587,580,125209528,USD
2011-04-26,590,583,591,583,178824832,USD
2011-04-27,590,590,592,581,214791344,USD
2011-04-28,589,590,590,584,189886992,USD
2011-04-29,598,589,598,589,194142528,USD
2011-05-02,590,598,600,587,203304496,USD
2011-05-03,576,590,590,571,240716512,USD
2011-05-04,567,576,576,562,255835200,USD
2011-05-05,554,567,567,548,291091936,USD
2011-05-06,556,554,569,551,238157056,USD
2011-05-09,565,556,568,556,178905968,USD
2011-05-10,568,565,570,561,177871952,USD
2011-05-11,551,567,567,548,239426752,USD
2011-05-12,551,551,555,541,233808528,USD
2011-05-13,549,551,556,544,214091392,USD
2011-05-16,544,549,554,543,195068144,USD
2011-05-17,543,544,546,537,240234240,USD
2011-05-18,554,543,558,543,211357168,USD
2011-05-19,555,554,559,550,171462528,USD
2011-05-20,553,555,558,547,215176288,USD
2011-05-23,545,553,553,542,178346704,USD
2011-05-24,552,545,558,545,235502432,USD
2011-05-25,560,552,563,550,233375328,USD
2011-05-26,563,560,565,556,191853664,USD
2011-05-27,565,563,570,562,147501008,USD
2011-05-31,570,565,574,565,209494912,USD
2011-06-01,557,570,571,556,217305984,USD
2011-06-02,556,557,561,551,201266880,USD
2011-06-03,556,556,562,548,184043952,USD
2011-06-06,545,556,557,544,183208960,USD
2011-06-07,545,545,552,544,179963936,USD
2011-06-08,547,544,553,544,186441600,USD
2011-06-09,554,547,557,547,169047664,USD
2011-06-10,543,554,554,543,189714288,USD
2011-06-13,536,543,548,531,198350208,USD
2011-06-14,546,536,549,536,187698144,USD
2011-06-15,534,546,546,532,213215440,USD
2011-06-16,536,534,540,531,208744800,USD
2011-06-17,534,536,541,531,238280048,USD
2011-06-20,536,534,538,531,177972768,USD
2011-06-21,546,536,549,536,175264944,USD
2011-06-22,544,546,551,542,172302080,USD
2011-06-23,537,544,544,524,245595328,USD
2011-06-24,527,537,538,527,274073056,USD
2011-06-27,531,527,534,525,179321008,USD
2011-06-28,545,531,545,531,183892640,USD
2011-06-29,551,545,555,545,211164064,USD
2011-06-30,559,551,560,551,186456608,USD
2011-07-01,565,559,565,554,169709360,USD
2011-07-05,567,565,570,564,178113008,USD
2011-07-06,566,567,567,562,170997008,USD
2011-07-07,574,566,576,566,197673168,USD
2011-07-08,570,574,574,565,179501792,USD
2011-07-11,559,570,570,556,177086544,USD
2011-07-12,557,559,564,556,181547600,USD
2011-07-13,561,557,568,557,183278752,USD
2011-07-14,558,561,568,557,263653680,USD
2011-07-15,571,558,571,558,312049664,USD
2011-07-18,568,571,571,565,228813232,USD
2011-07-19,578,568,578,568,194616128,USD
2011-07-20,576,578,579,575,166071616,USD
2011-07-21,587,576,588,576,223758400,USD
2011-07-22,590,587,591,585,162770288,USD
2011-07-25,587,590,591,583,168974512,USD
2011-07-26,584,587,590,583,197600448,USD
2011-07-27,574,584,584,573,242610032,USD
2011-07-28,570,574,576,569,224387408,USD
2011-07-29,563,570,570,561,249652576,USD
2011-08-01,563,563,572,557,212013760,USD
2011-08-02,547,563,565,547,277026496,USD
2011-08-03,544,547,548,533,315660864,USD
2011-08-04,507,544,544,506,430602176,USD
2011-08-05,507,507,519,487,473511776,USD
2011-08-08,465,507,507,464,539641472,USD
2011-08-09,486,465,487,454,476420544,USD
2011-08-10,468,485,487,466,431637440,USD
2011-08-11,492,468,499,468,404591040,USD
2011-08-12,496,492,502,492,247560832,USD
2011-08-15,512,495,513,495,230147840,USD
2011-08-16,504,512,512,498,248608800,USD
2011-08-17,506,503,514,503,196094880,USD
2011-08-18,477,506,506,472,366544704,USD
2011-08-19,469,477,485,468,302550656,USD
2011-08-22,467,469,481,465,273584864,USD
2011-08-23,488,467,488,467,289519040,USD
2011-08-24,490,488,491,481,214699920,USD
2011-08-25,479,490,495,477,239797184,USD
2011-08-26,488,479,490,469,223119184,USD
2011-08-29,502,488,502,488,181127792,USD
2011-08-30,503,501,507,494,232192448,USD
2011-08-31,507,503,513,502,252856160,USD
2011-09-01,502,507,514,502,223269280,USD
2011-09-02,489,502,502,485,189627968,USD
2011-09-06,484,489,489,471,237650656,USD
2011-09-07,502,484,502,484,218764160,USD
2011-09-08,495,502,506,493,228800992,USD
2011-09-09,479,495,495,476,258765632,USD
2011-09-12,482,479,482,469,249192336,USD
2011-09-13,483,482,486,475,242204624,USD
2011-09-14,489,483,496,477,269380256,USD
2011-09-15,499,489,499,489,201299280,USD
2011-09-16,499,499,502,493,250296048,USD
2011-09-19,491,499,499,482,214382272,USD
2011-09-20,488,491,499,488,212442176,USD
2011-09-21,469,488,489,468,307880928,USD
2011-09-22,444,469,469,436,427601056,USD
2011-09-23,441,444,447,437,294167264,USD
2011-09-26,456,441,457,436,291997312,USD
2011-09-27,463,456,474,456,274269504,USD
2011-09-28,449,463,468,448,253627776,USD
2011-09-29,455,449,461,446,271590720,USD
2011-09-30,443,455,455,443,285972704,USD
2011-10-03,428,443,443,428,313108512,USD
2011-10-04,442,428,443,413,388550144,USD
2011-10-05,457,442,457,439,343765184,USD
2011-10-06,464,457,464,450,291824160,USD
2011-10-07,458,464,467,454,250851568,USD
2011-10-10,479,458,479,458,209232080,USD
2011-10-11,479,479,483,475,229221424,USD
2011-10-12,482,479,489,479,249180624,USD
2011-10-13,481,482,483,472,220074528,USD
2011-10-14,498,481,498,481,211849456,USD
2011-10-17,490,498,500,489,335165664,USD
2011-10-18,505,490,508,484,326185056,USD
2011-10-19,500,504,509,497,289204064,USD
2011-10-20,503,500,505,494,269069344,USD
2011-10-21,512,503,514,503,277455744,USD
2011-10-24,518,512,519,512,241692768,USD
2011-10-25,508,518,518,506,278265216,USD
2011-10-26,519,508,521,505,281397696,USD
2011-10-27,539,519,544,519,374287552,USD
2011-10-28,542,539,544,533,251482368,USD
2011-10-31,518,542,542,518,275161888,USD
2011-11-01,502,518,518,496,356305824,USD
2011-11-02,516,502,517,502,243319856,USD
2011-11-03,529,516,530,516,268949632,USD
2011-11-04,528,529,529,519,256028096,USD
2011-11-07,532,528,535,523,204326912,USD
2011-11-08,539,531,540,528,235089248,USD
2011-11-09,516,539,539,515,280999200,USD
2011-11-10,525,516,529,516,234170192,USD
2011-11-11,535,525,537,525,202284432,USD
2011-11-14,528,535,535,524,185290928,USD
2011-11-15,528,528,532,524,226906656,USD
2011-11-16,520,527,532,519,286052128,USD
2011-11-17,509,520,522,504,293838432,USD
2011-11-18,506,509,514,503,239779360,USD
2011-11-21,498,506,506,491,226974752,USD
2011-11-22,493,498,499,490,213373600,USD
2011-11-23,479,493,493,479,227256576,USD
2011-11-25,475,479,483,475,88063440,USD
2011-11-28,491,475,495,475,217872192,USD
2011-11-29,499,491,503,491,209901744,USD
2011-11-30,526,499,527,499,332501216,USD
2011-12-01,523,526,529,520,196491024,USD
2011-12-02,522,523,529,522,216226336,USD
2011-12-05,528,522,535,522,214936432,USD
2011-12-06,529,528,533,525,227208000,USD
2011-12-07,525,529,529,521,239334768,USD
2011-12-08,512,525,525,510,248377312,USD
2011-12-09,523,512,525,512,197814912,USD
2011-12-12,511,523,523,504,205279712,USD
2011-12-13,508,511,521,505,225280944,USD
2011-12-14,494,508,508,492,271683776,USD
2011-12-15,493,494,501,492,220386864,USD
2011-12-16,497,493,500,493,269492992,USD
2011-12-19,489,497,498,488,186896112,USD
2011-12-20,509,489,509,489,213817696,USD
2011-12-21,514,509,516,506,187989680,USD
2011-12-22,520,514,521,514,175255264,USD
2011-12-23,524,520,525,520,98903448,USD
2011-12-27,525,524,528,524,98461704,USD
2011-12-28,516,525,527,515,134515920,USD
2011-12-29,522,516,522,516,117064136,USD
2011-12-30,521,522,523,520,120782304,USD
2012-01-03,534,521,537,521,265820944,USD
2012-01-04,535,534,536,529,222425472,USD
2012-01-05,532,535,535,527,249912128,USD
2012-01-06,529,532,533,528,200091264,USD
2012-01-09,532,529,533,529,206753840,USD
2012-01-10,536,532,540,532,228081104,USD
2012-01-11,529,536,536,527,259504096,USD
2012-01-12,524,529,529,522,277166368,USD
2012-01-13,522,524,524,517,234935984,USD
2012-01-17,526,522,529,522,250656944,USD
2012-01-18,534,526,534,523,257409424,USD
2012-01-19,536,534,538,534,257999664,USD
2012-01-20,537,536,538,533,255944400,USD
2012-01-23,541,537,542,537,278509696,USD
2012-01-24,539,541,541,534,242856480,USD
2012-01-25,545,539,546,532,287781664,USD
2012-01-26,538,545,548,536,279812672,USD
2012-01-27,535,538,538,534,223996080,USD
2012-01-30,533,535,535,526,203587664,USD
2012-01-31,529,533,536,526,289621504,USD
2012-02-01,531,529,535,529,257480736,USD
2012-02-02,534,531,535,529,244228848,USD
2012-02-03,543,534,544,534,244111312,USD
2012-02-06,549,543,549,540,209700160,USD
2012-02-07,552,549,553,543,241443168,USD
2012-02-08,549,551,553,546,226326368,USD
2012-02-09,549,549,551,545,244949040,USD
2012-02-10,543,549,549,540,245971232,USD
2012-02-13,547,543,548,543,223157984,USD
2012-02-14,549,547,549,544,197855232,USD
2012-02-15,547,548,550,545,246452736,USD
2012-02-16,554,546,554,545,232451680,USD
2012-02-17,555,553,557,552,229819056,USD
2012-02-21,560,555,562,555,234124256,USD
2012-02-22,561,560,564,560,234452560,USD
2012-02-23,563,561,564,558,205667712,USD
2012-02-24,566,563,567,563,225193936,USD
2012-02-27,564,566,567,560,207285968,USD
2012-02-28,563,564,566,560,241845904,USD
2012-02-29,557,563,566,556,263397872,USD
2012-03-01,562,557,563,557,211158336,USD
2012-03-02,556,562,562,554,204368816,USD
2012-03-05,554,556,556,549,207860848,USD
2012-03-06,545,554,554,542,252200608,USD
2012-03-07,549,545,550,543,211140592,USD
2012-03-08,552,549,553,548,197091632,USD
2012-03-09,551,552,556,550,188319760,USD
2012-03-12,549,551,551,547,184620128,USD
2012-03-13,556,549,557,547,213534576,USD
2012-03-14,551,556,557,549,198853936,USD
2012-03-15,551,551,553,547,219254240,USD
2012-03-16,558,551,560,551,300215424,USD
2012-03-19,561,558,563,557,174930544,USD
2012-03-20,553,561,561,552,209325632,USD
2012-03-21,547,553,553,546,231224256,USD
2012-03-22,536,547,547,534,263151888,USD
2012-03-23,541,536,543,534,229281008,USD
2012-03-26,546,541,546,541,209313472,USD
2012-03-27,541,546,547,541,212137040,USD
2012-03-28,534,541,541,530,237276144,USD
2012-03-29,534,534,535,527,239085840,USD
2012-03-30,538,534,540,534,230695328,USD
2012-04-02,543,538,547,536,202483664,USD
2012-04-03,538,543,543,533,239010368,USD
2012-04-04,532,538,538,529,205215184,USD
2012-04-05,529,532,535,528,197991776,USD
2012-04-09,522,529,529,520,169347760,USD
2012-04-10,512,522,522,511,274998080,USD
2012-04-11,512,512,519,511,227361088,USD
2012-04-12,523,512,523,512,231996480,USD
2012-04-13,514,523,523,514,215609056,USD
2012-04-16,513,514,519,511,245914064,USD
2012-04-17,522,513,524,513,205180544,USD
2012-04-18,521,522,524,519,293417792,USD
2012-04-19,520,521,524,518,236874416,USD
2012-04-20,519,520,526,519,232749536,USD
2012-04-23,519,519,520,510,223639664,USD
2012-04-24,522,519,523,518,209553216,USD
2012-04-25,527,522,527,522,277152832,USD
2012-04-26,531,527,531,523,258827872,USD
2012-04-27,530,531,533,529,217047200,USD
2012-04-30,533,530,533,529,245043168,USD
2012-05-01,541,533,544,533,312144384,USD
2012-05-02,532,541,541,531,370175808,USD
2012-05-03,524,532,532,523,285816064,USD
2012-05-04,513,524,524,511,285768832,USD
2012-05-07,512,513,514,507,240761712,USD
2012-05-08,510,512,512,500,314150080,USD
2012-05-09,506,510,510,500,316675360,USD
2012-05-10,508,505,513,505,286027680,USD
2012-05-11,504,508,511,504,284462528,USD
2012-05-14,497,504,504,495,296585952,USD
2012-05-15,489,497,499,488,322014784,USD
2012-05-16,487,489,497,487,301409376,USD
2012-05-17,484,487,491,483,290533408,USD
2012-05-18,480,484,489,479,307706048,USD
2012-05-21,490,480,491,480,240473616,USD
2012-05-22,489,490,497,486,283683328,USD
2012-05-23,491,489,491,479,271411360,USD
2012-05-24,490,491,492,485,333494272,USD
2012-05-25,489,490,493,487,222408048,USD
2012-05-29,495,489,499,489,253494000,USD
2012-05-30,481,495,495,479,248787872,USD
2012-05-31,477,481,482,469,342111360,USD
2012-06-01,466,477,477,466,326624032,USD
2012-06-04,466,466,469,460,298526464,USD
2012-06-05,469,466,472,465,244169520,USD
2012-06-06,484,469,484,469,373747040,USD
2012-06-07,485,484,493,483,283695456,USD
2012-06-08,485,485,485,477,232264528,USD
2012-06-11,479,485,491,478,228773104,USD
2012-06-12,485,479,487,479,241628240,USD
2012-06-13,480,485,488,478,294820288,USD
2012-06-14,488,480,489,480,248107232,USD
2012-06-15,497,488,497,488,273142336,USD
2012-06-18,493,497,497,490,227571504,USD
2012-06-19,500,493,502,493,250311424,USD
2012-06-20,498,500,503,494,275429920,USD
2012-06-21,478,498,498,478,321629728,USD
2012-06-22,480,478,483,476,399556032,USD
2012-06-25,471,480,480,467,272766176,USD
2012-06-26,476,471,478,469,262743184,USD
2012-06-27,485,476,487,476,268711360,USD
2012-06-28,488,485,489,480,276659136,USD
2012-06-29,503,488,503,488,308835520,USD
2012-07-02,503,503,505,498,211645488,USD
2012-07-03,514,503,514,503,162404128,USD
2012-07-04,514,514,514,514,0,USD
2012-07-05,507,514,514,506,211480512,USD
2012-07-06,502,507,507,498,195548688,USD
2012-07-09,499,502,502,495,221383168,USD
2012-07-10,492,499,503,489,239555632,USD
2012-07-11,499,492,500,492,227138144,USD
2012-07-12,496,499,499,491,242911520,USD
2012-07-13,505,496,506,496,191509344,USD
2012-07-16,507,505,509,501,216562928,USD
2012-07-17,513,507,513,501,229781952,USD
2012-07-18,517,513,517,510,226322576,USD
2012-07-19,518,516,519,515,265990832,USD
2012-07-20,518,518,519,514,307555200,USD
2012-07-23,513,518,518,505,246688256,USD
2012-07-24,506,513,514,499,244437344,USD
2012-07-25,507,506,510,503,240825904,USD
2012-07-26,520,507,521,507,260752512,USD
2012-07-27,528,520,530,519,280744256,USD
2012-07-30,530,528,531,526,207269984,USD
2012-07-31,524,530,530,524,256247008,USD
2012-08-01,526,524,529,521,260022144,USD
2012-08-02,518,526,526,513,261697216,USD
2012-08-03,530,518,532,518,222106432,USD
2012-08-06,530,530,533,530,190302640,USD
2012-08-07,538,530,540,530,251467296,USD
2012-08-08,538,537,540,535,233146032,USD
2012-08-09,540,537,542,536,223211952,USD
2012-08-10,542,540,542,534,211192528,USD
2012-08-13,539,542,542,537,170166240,USD
2012-08-14,539,539,542,537,182759904,USD
2012-08-15,537,538,539,536,173544032,USD
2012-08-16,542,537,543,537,195802144,USD
2012-08-17,541,542,543,540,170664288,USD
2012-08-20,540,541,541,538,154595072,USD
2012-08-21,538,540,544,537,194639968,USD
2012-08-22,539,538,540,535,178574096,USD
2012-08-23,534,539,540,533,159883536,USD
2012-08-24,538,534,539,531,146144880,USD
2012-08-27,537,538,541,536,146076640,USD
2012-08-28,538,537,540,536,158294064,USD
2012-08-29,535,538,538,534,153305184,USD
2012-08-30,529,535,535,528,157119408,USD
2012-08-31,534,529,537,529,204551328,USD
2012-09-04,530,534,534,526,203708432,USD
2012-09-05,528,530,531,527,176098304,USD
2012-09-06,539,528,542,528,213051584,USD
2012-09-07,548,539,548,539,232644608,USD
2012-09-10,545,548,550,545,199285392,USD
2012-09-11,550,545,551,545,197424448,USD
2012-09-12,552,550,554,550,226649968,USD
2012-09-13,563,552,565,550,258539152,USD
2012-09-14,570,563,575,563,284220096,USD
2012-09-17,565,570,571,564,222065888,USD
2012-09-18,561,565,565,558,216846704,USD
2012-09-19,556,561,561,556,206846848,USD
2012-09-20,559,556,560,550,219492480,USD
2012-09-21,560,559,563,559,269844768,USD
2012-09-24,557,560,560,555,175291872,USD
2012-09-25,552,557,559,551,211099232,USD
2012-09-26,547,552,552,546,222128240,USD
2012-09-27,554,547,555,547,182339648,USD
2012-09-28,551,554,554,548,179209744,USD
2012-10-01,554,552,559,552,236359456,USD
2012-10-02,554,555,557,551,160978320,USD
2012-10-03,548,554,554,546,196896560,USD
2012-10-04,554,549,555,549,222363216,USD
2012-10-05,553,555,557,551,156267232,USD
2012-10-08,554,552,555,550,122525496,USD
2012-10-09,554,554,559,554,168191088,USD
2012-10-10,544,553,553,543,194981616,USD
2012-10-11,547,545,552,545,184986848,USD
2012-10-12,544,547,548,541,203735584,USD
2012-10-15,547,544,548,540,162188864,USD
2012-10-16,555,547,556,547,178552176,USD
2012-10-17,562,556,562,555,191768320,USD
2012-10-18,562,561,563,560,201510944,USD
2012-10-19,554,562,563,552,208488208,USD
2012-10-22,551,553,555,545,193827696,USD
2012-10-23,538,551,551,535,206520400,USD
2012-10-24,535,539,542,534,203978320,USD
2012-10-25,540,535,541,534,179441584,USD
2012-10-26,540,540,543,538,167865552,USD
2012-10-29,540,540,540,540,0,USD
2012-10-30,540,540,540,540,0,USD
2012-10-31,540,541,544,536,205594560,USD
2012-11-01,543,540,543,538,216285792,USD
2012-11-02,534,543,546,532,226418576,USD
2012-11-05,538,534,539,533,163711904,USD
2012-11-06,546,539,548,539,199570208,USD
2012-11-07,529,544,544,527,248295328,USD
2012-11-08,521,529,531,521,210799616,USD
2012-11-09,521,520,526,518,203423312,USD
2012-11-12,522,521,523,520,132977576,USD
2012-11-13,519,520,526,517,178407664,USD
2012-11-14,512,519,520,511,210543584,USD
2012-11-15,512,512,517,509,228858128,USD
2012-11-16,514,513,515,506,235824208,USD
2012-11-19,526,516,526,516,192644448,USD
2012-11-20,524,525,526,520,162498544,USD
2012-11-21,527,524,527,523,116271320,USD
2012-11-23,534,527,534,527,69427680,USD
2012-11-26,529,533,533,526,153911360,USD
2012-11-27,524,529,530,524,162812256,USD
2012-11-28,530,524,530,518,175995152,USD
2012-11-29,530,531,534,529,157679552,USD
2012-11-30,530,530,533,528,206273168,USD
2012-12-03,527,531,534,526,160992144,USD
2012-12-04,525,527,529,525,165865040,USD
2012-12-05,529,525,532,525,179758816,USD
2012-12-06,530,528,530,527,163802224,USD
2012-12-07,534,531,534,530,147634912,USD
2012-12-10,533,534,535,532,155327952,USD
2012-12-11,536,534,538,534,156860464,USD
2012-12-12,538,537,543,537,193801312,USD
2012-12-13,533,538,538,531,221978048,USD
2012-12-14,531,533,533,529,205113584,USD
2012-12-17,536,531,536,531,175241824,USD
2012-12-18,545,536,546,535,212139888,USD
2012-12-19,540,545,546,540,170202320,USD
2012-12-20,544,541,544,540,163345872,USD
2012-12-21,538,544,544,535,246434336,USD
2012-12-24,534,538,538,534,56927772,USD
2012-12-25,534,534,534,534,0,USD
2012-12-26,532,535,537,531,100953840,USD
2012-12-27,531,532,533,525,138711376,USD
2012-12-28,522,531,531,522,128575400,USD
2012-12-31,533,522,533,520,169292160,USD
2013-01-02,545,533,545,533,201635312,USD
2013-01-03,545,545,549,542,180108656,USD
2013-01-04,551,545,551,545,157331440,USD
2013-01-07,546,551,551,544,0,USD
2013-01-08,545,546,546,541,0,USD
2013-01-09,544,545,547,542,0,USD
2013-01-10,549,545,550,545,0,USD
2013-01-11,550,549,551,548,0,USD
2013-01-14,550,551,552,549,0,USD
2013-01-15,552,550,553,548,0,USD
2013-01-16,554,552,554,551,0,USD
2013-01-17,558,555,562,555,0,USD
2013-01-18,563,558,563,557,0,USD
2013-01-22,568,563,568,561,0,USD
2013-01-23,566,568,568,564,0,USD
2013-01-24,568,566,572,566,0,USD
2013-01-25,573,568,574,568,0,USD
2013-01-28,571,573,573,569,0,USD
2013-01-29,580,571,581,571,0,USD
2013-01-30,576,580,583,576,0,USD
2013-01-31,573,576,577,573,0,USD
2013-02-01,579,574,579,572,0,USD
2013-02-04,573,578,578,573,0,USD
2013-02-05,577,574,579,574,0,USD
2013-02-06,578,577,578,573,0,USD
2013-02-07,575,578,578,571,0,USD
2013-02-08,579,575,579,575,0,USD
2013-02-11,576,579,579,576,0,USD
2013-02-12,578,576,579,574,0,USD
2013-02-13,579,578,579,577,0,USD
2013-02-14,582,578,584,576,0,USD
2013-02-15,576,582,582,573,0,USD
2013-02-19,583,576,583,576,0,USD
2013-02-20,572,583,583,572,0,USD
2013-02-21,568,571,571,565,0,USD
2013-02-22,574,569,574,567,0,USD
2013-02-25,559,574,579,559,0,USD
2013-02-26,564,560,566,557,0,USD
2013-02-27,573,564,574,564,0,USD
2013-02-28,573,573,577,571,0,USD
2013-03-01,572,573,573,567,0,USD
2013-03-04,571,572,572,566,0,USD
2013-03-05,575,571,577,571,0,USD
2013-03-06,575,575,577,573,0,USD
2013-03-07,577,575,577,574,0,USD
2013-03-08,579,578,580,576,0,USD
2013-03-11,579,579,581,575,0,USD
2013-03-12,580,580,583,579,0,USD
2013-03-13,579,580,581,578,0,USD
2013-03-14,587,580,587,580,0,USD
2013-03-15,586,586,588,583,0,USD
2013-03-18,581,586,586,579,0,USD
2013-03-19,575,581,582,571,0,USD
2013-03-20,578,576,580,575,0,USD
2013-03-21,575,578,580,575,0,USD
2013-03-22,580,576,581,576,0,USD
2013-03-25,578,581,585,576,0,USD
2013-03-26,584,579,585,579,0,USD
2013-03-27,586,584,587,580,0,USD
2013-03-28,584,586,588,584,0,USD
2013-04-01,584,584,586,580,0,USD
2013-04-02,581,584,585,579,0,USD
2013-04-03,572,581,582,570,0,USD
2013-04-04,571,572,574,567,0,USD
2013-04-05,571,568,571,563,0,USD
2013-04-08,574,571,574,569,0,USD
2013-04-09,578,574,581,573,0,USD
2013-04-10,581,579,583,578,0,USD
2013-04-11,584,582,586,580,0,USD
2013-04-12,576,583,583,573,0,USD
2013-04-15,554,576,576,554,0,USD
2013-04-16,560,555,561,553,0,USD
2013-04-17,549,559,559,545,0,USD
2013-04-18,553,549,556,546,0,USD
2013-04-19,553,553,558,549,0,USD
2013-04-22,558,553,560,551,0,USD
2013-04-23,565,559,565,558,0,USD
2013-04-24,571,566,574,566,0,USD
2013-04-25,570,572,577,568,0,USD
2013-04-26,570,570,572,567,0,USD
2013-04-29,576,571,578,571,0,USD
2013-04-30,579,576,579,572,0,USD
2013-05-01,569,579,579,569,0,USD
2013-05-02,577,570,578,570,0,USD
2013-05-03,587,577,588,577,0,USD
2013-05-06,590,587,592,587,0,USD
2013-05-07,594,591,596,590,0,USD
2013-05-08,596,594,596,592,0,USD
2013-05-09,594,595,597,591,0,USD
2013-05-10,591,593,593,587,0,USD
2013-05-13,591,590,591,588,0,USD
2013-05-14,599,591,599,591,0,USD
2013-05-15,596,598,598,592,0,USD
2013-05-16,593,595,598,592,0,USD
2013-05-17,603,594,603,594,0,USD
2013-05-20,610,603,611,602,0,USD
2013-05-21,610,611,615,608,0,USD
2013-05-22,603,610,615,600,0,USD
2013-05-23,601,602,603,594,0,USD
2013-05-24,599,600,600,595,0,USD
2013-05-28,605,600,610,600,0,USD
2013-05-29,604,605,606,600,0,USD
2013-05-30,603,604,606,600,0,USD
2013-05-31,591,602,603,591,0,USD
2013-06-03,597,591,597,591,0,USD
2013-06-04,592,596,597,588,0,USD
2013-06-05,585,592,592,585,0,USD
2013-06-06,589,585,589,581,0,USD
2013-06-07,596,590,597,590,0,USD
2013-06-10,595,597,599,593,0,USD
2013-06-11,586,594,594,586,0,USD
2013-06-12,582,587,592,581,0,USD
2013-06-13,592,582,593,581,0,USD
2013-06-14,586,592,593,585,0,USD
2013-06-17,594,587,595,587,0,USD
2013-06-18,597,594,599,594,0,USD
2013-06-19,591,597,600,591,0,USD
2013-06-20,575,591,591,573,0,USD
2013-06-21,577,575,580,570,0,USD
2013-06-24,568,577,577,562,0,USD
2013-06-25,574,570,577,570,0,USD
2013-06-26,579,575,580,573,0,USD
2013-06-27,580,579,585,579,0,USD
2013-06-28,579,579,582,576,0,USD
2013-07-01,582,580,586,580,0,USD
2013-07-02,583,582,588,580,0,USD
2013-07-03,583,582,584,578,0,USD
2013-07-05,590,584,590,582,0,USD
2013-07-08,594,591,597,591,0,USD
2013-07-09,600,595,600,595,0,USD
2013-07-10,597,600,602,596,0,USD
2013-07-11,602,597,603,597,0,USD
2013-07-12,604,602,605,600,0,USD
2013-07-15,604,604,605,603,0,USD
2013-07-16,601,604,605,597,0,USD
2013-07-17,603,601,605,601,0,USD
2013-07-18,609,604,611,604,0,USD
2013-07-19,617,609,617,609,0,USD
2013-07-22,616,617,618,615,0,USD
2013-07-23,617,616,619,616,0,USD
2013-07-24,611,617,617,608,0,USD
2013-07-25,614,611,615,609,0,USD
2013-07-26,613,614,614,608,0,USD
2013-07-29,607,611,611,605,0,USD
2013-07-30,606,608,609,603,0,USD
2013-07-31,607,606,612,606,0,USD
2013-08-01,615,608,615,608,0,USD
2013-08-02,611,613,613,607,0,USD
2013-08-05,609,610,610,606,0,USD
2013-08-06,606,609,611,605,0,USD
2013-08-07,604,606,606,602,0,USD
2013-08-08,608,605,609,603,0,USD
2013-08-09,605,607,608,602,0,USD
2013-08-12,601,603,604,600,0,USD
2013-08-13,602,602,604,599,0,USD
2013-08-14,600,602,603,600,0,USD
2013-08-15,596,599,599,594,0,USD
2013-08-16,593,596,596,591,0,USD
2013-08-19,584,593,593,584,0,USD
2013-08-20,587,585,590,584,0,USD
2013-08-21,584,587,589,583,0,USD
2013-08-22,592,585,594,585,0,USD
2013-08-23,596,592,597,590,0,USD
2013-08-26,595,597,599,594,0,USD
2013-08-27,591,594,595,591,0,USD
2013-08-28,602,592,603,592,0,USD
2013-08-29,595,600,600,594,0,USD
2013-08-30,595,595,598,593,0,USD
2013-09-03,598,597,602,595,0,USD
2013-09-04,601,598,603,596,0,USD
2013-09-05,603,602,605,602,0,USD
2013-09-06,603,604,607,599,0,USD
2013-09-09,609,604,610,604,0,USD
2013-09-10,609,609,610,604,0,USD
2013-09-11,614,610,614,607,0,USD
2013-09-12,610,614,614,610,0,USD
2013-09-13,611,611,613,610,0,USD
2013-09-16,611,612,615,610,0,USD
2013-09-17,613,611,615,611,0,USD
2013-09-18,621,613,623,612,0,USD
2013-09-19,619,621,623,618,0,USD
2013-09-20,615,619,621,614,0,USD
2013-09-23,612,614,615,610,0,USD
2013-09-24,612,611,616,610,0,USD
2013-09-25,611,613,615,611,0,USD
2013-09-26,612,612,614,609,0,USD
2013-09-27,610,611,611,608,0,USD
2013-09-30,605,610,610,602,0,USD
2013-10-01,608,605,610,604,0,USD
2013-10-02,610,607,610,603,0,USD
2013-10-03,605,609,609,602,0,USD
2013-10-04,610,605,611,603,0,USD
2013-10-07,605,609,609,603,0,USD
2013-10-08,599,605,607,599,0,USD
2013-10-09,597,599,600,594,0,USD
2013-10-10,608,598,608,598,0,USD
2013-10-11,614,607,615,605,0,USD
2013-10-14,618,613,618,609,0,USD
2013-10-15,615,617,619,614,0,USD
2013-10-16,623,616,625,616,0,USD
2013-10-17,625,623,625,621,0,USD
2013-10-18,630,625,630,625,0,USD
2013-10-21,628,630,632,626,0,USD
2013-10-22,632,628,635,628,0,USD
2013-10-23,624,632,632,622,0,USD
2013-10-24,627,624,628,622,0,USD
2013-10-25,630,628,631,626,0,USD
2013-10-28,631,630,632,627,0,USD
2013-10-29,635,631,635,631,0,USD
2013-10-30,631,635,637,627,0,USD
2013-10-31,629,632,636,628,0,USD
2013-11-01,628,630,630,621,0,USD
2013-11-04,636,629,636,629,0,USD
2013-11-05,631,635,635,631,0,USD
2013-11-06,635,631,638,631,0,USD
2013-11-07,625,635,636,624,0,USD
2013-11-08,634,625,634,625,0,USD
2013-11-11,635,634,637,633,0,USD
2013-11-12,630,635,635,628,0,USD
2013-11-13,634,628,634,627,0,USD
2013-11-14,637,634,638,633,0,USD
2013-11-15,642,637,642,637,0,USD
2013-11-18,638,644,644,636,0,USD
2013-11-19,639,637,641,634,0,USD
2013-11-20,637,639,643,635,0,USD
2013-11-21,642,637,643,637,0,USD
2013-11-22,646,642,646,639,0,USD
2013-11-25,640,646,646,638,0,USD
2013-11-26,638,640,642,636,0,USD
2013-11-27,634,638,639,631,0,USD
2013-11-29,633,634,638,632,0,USD
2013-12-02,633,632,637,630,0,USD
2013-12-03,635,632,636,630,0,USD
2013-12-04,632,635,636,628,0,USD
2013-12-05,630,632,633,629,0,USD
2013-12-06,633,630,635,630,0,USD
2013-12-09,633,633,636,632,0,USD
2013-12-10,632,634,635,631,0,USD
2013-12-11,623,632,632,622,0,USD
2013-12-12,626,623,628,621,0,USD
2013-12-13,623,625,625,621,0,USD
2013-12-16,629,624,632,624,0,USD
2013-12-17,625,629,629,624,0,USD
2013-12-18,636,626,637,623,0,USD
2013-12-19,637,636,638,633,0,USD
2013-12-20,638,637,640,637,0,USD
2013-12-23,638,639,643,638,0,USD
2013-12-24,642,638,643,638,0,USD
2013-12-26,648,643,648,643,0,USD
2013-12-27,651,648,652,648,0,USD
2013-12-30,646,651,652,646,0,USD
2013-12-31,652,647,652,646,0,USD
2014-01-02,643,651,651,641,0,USD
2014-01-03,642,644,646,640,0,USD
2014-01-06,642,642,644,639,0,USD
2014-01-07,648,642,648,641,0,USD
2014-01-08,643,648,648,641,0,USD
2014-01-09,641,644,644,636,0,USD
2014-01-10,642,641,642,637,0,USD
2014-01-13,630,642,642,629,0,USD
2014-01-14,637,630,637,630,0,USD
2014-01-15,634,637,637,634,0,USD
2014-01-16,635,634,635,630,0,USD
2014-01-17,635,635,640,634,0,USD
2014-01-21,638,634,640,633,0,USD
2014-01-22,640,638,641,637,0,USD
2014-01-23,633,639,639,630,0,USD
2014-01-24,620,632,632,620,0,USD
2014-01-27,618,620,622,614,0,USD
2014-01-28,622,618,623,618,0,USD
2014-01-29,619,621,623,614,0,USD
2014-01-30,620,619,622,616,0,USD
2014-01-31,610,619,619,608,0,USD
2014-02-03,600,611,612,598,0,USD
2014-02-04,604,600,606,600,0,USD
2014-02-05,599,604,604,598,0,USD
2014-02-06,607,599,608,599,0,USD
2014-02-07,613,607,614,607,0,USD
2014-02-10,609,613,613,607,0,USD
2014-02-11,618,610,620,610,0,USD
2014-02-12,616,619,620,615,0,USD
2014-02-13,618,615,620,611,0,USD
2014-02-14,627,618,628,618,0,USD
2014-02-18,629,627,630,626,0,USD
2014-02-19,629,628,636,628,0,USD
2014-02-20,634,629,636,629,0,USD
2014-02-21,630,634,634,630,0,USD
2014-02-24,639,631,645,631,0,USD
2014-02-25,639,639,641,635,0,USD
2014-02-26,635,639,641,634,0,USD
2014-02-27,635,635,637,632,0,USD
2014-02-28,638,635,641,635,0,USD
2014-03-03,635,638,641,632,0,USD
2014-03-04,641,635,643,635,0,USD
2014-03-05,634,641,641,633,0,USD
2014-03-06,638,634,638,634,0,USD
2014-03-07,640,638,641,637,0,USD
2014-03-10,641,640,642,636,0,USD
2014-03-11,634,641,642,632,0,USD
2014-03-12,634,633,636,630,0,USD
2014-03-13,628,634,635,626,0,USD
2014-03-14,629,628,631,627,0,USD
2014-03-17,633,629,634,629,0,USD
2014-03-18,638,633,640,633,0,USD
2014-03-19,632,638,638,629,0,USD
2014-03-20,635,632,636,628,0,USD
2014-03-21,637,635,642,635,0,USD
2014-03-24,636,637,642,635,0,USD
2014-03-25,642,637,642,637,0,USD
2014-03-26,639,642,646,639,0,USD
2014-03-27,645,640,646,638,0,USD
2014-03-28,653,646,654,646,0,USD
2014-03-31,653,654,657,651,0,USD
2014-04-01,656,653,656,653,0,USD
2014-04-02,658,656,659,655,0,USD
2014-04-03,662,659,665,659,0,USD
2014-04-04,660,663,668,659,0,USD
2014-04-07,650,659,659,650,0,USD
2014-04-08,656,650,657,650,0,USD
2014-04-09,659,656,659,653,0,USD
2014-04-10,650,657,661,649,0,USD
2014-04-11,649,650,653,648,0,USD
2014-04-14,657,650,659,650,0,USD
2014-04-15,666,657,666,655,0,USD
2014-04-16,674,666,674,666,0,USD
2014-04-17,679,674,681,673,0,USD
2014-04-21,684,679,684,678,0,USD
2014-04-22,682,683,684,679,0,USD
2014-04-23,685,682,687,682,0,USD
2014-04-24,685,686,688,684,0,USD
2014-04-25,682,684,685,680,0,USD
2014-04-28,683,682,685,678,0,USD
2014-04-29,686,684,692,684,0,USD
2014-04-30,686,686,687,681,0,USD
2014-05-01,684,686,686,682,0,USD
2014-05-02,686,684,691,682,0,USD
2014-05-05,689,685,690,683,0,USD
2014-05-06,690,689,693,689,0,USD
2014-05-07,696,691,697,690,0,USD
2014-05-08,687,695,696,686,0,USD
2014-05-09,685,687,687,683,0,USD
2014-05-12,690,686,690,686,0,USD
2014-05-13,692,690,693,690,0,USD
2014-05-14,692,692,694,691,0,USD
2014-05-15,683,692,692,679,0,USD
2014-05-16,681,683,683,679,0,USD
2014-05-19,683,681,685,680,0,USD
2014-05-20,681,683,684,680,0,USD
2014-05-21,689,683,690,683,0,USD
2014-05-22,688,689,691,687,0,USD
2014-05-23,687,688,690,687,0,USD
2014-05-27,688,688,690,686,0,USD
2014-05-28,689,689,692,687,0,USD
2014-05-29,694,690,694,689,0,USD
2014-05-30,693,694,694,690,0,USD
2014-06-02,692,694,695,691,0,USD
2014-06-03,694,692,695,691,0,USD
2014-06-04,693,693,694,691,0,USD
2014-06-05,697,693,698,691,0,USD
2014-06-06,703,698,704,698,0,USD
2014-06-09,704,703,707,702,0,USD
2014-06-10,703,704,704,701,0,USD
2014-06-11,705,702,707,700,0,USD
2014-06-12,708,706,712,706,0,USD
2014-06-13,715,708,715,706,0,USD
2014-06-16,719,715,720,714,0,USD
2014-06-17,717,718,718,713,0,USD
2014-06-18,723,717,723,716,0,USD
2014-06-19,727,723,727,721,0,USD
2014-06-20,734,727,735,727,0,USD
2014-06-23,737,735,739,735,0,USD
2014-06-24,723,737,737,721,0,USD
2014-06-25,727,722,728,719,0,USD
2014-06-26,728,727,728,721,0,USD
2014-06-27,728,727,728,724,0,USD
2014-06-30,728,728,729,724,0,USD
2014-07-01,728,728,731,727,0,USD
2014-07-02,728,728,730,726,0,USD
2014-07-03,730,728,731,727,0,USD
2014-07-07,726,729,729,725,0,USD
2014-07-08,725,726,727,723,0,USD
2014-07-09,730,726,730,726,0,USD
2014-07-10,723,729,729,719,0,USD
2014-07-11,717,722,722,716,0,USD
2014-07-14,724,718,724,718,0,USD
2014-07-15,720,723,723,716,0,USD
2014-07-16,732,721,732,721,0,USD
2014-07-17,720,731,732,719,0,USD
2014-07-18,722,720,724,718,0,USD
2014-07-21,723,721,724,719,0,USD
2014-07-22,729,724,731,724,0,USD
2014-07-23,733,729,733,728,0,USD
2014-07-24,733,733,736,731,0,USD
2014-07-25,728,733,733,727,0,USD
2014-07-28,727,728,729,722,0,USD
2014-07-29,724,727,729,724,0,USD
2014-07-30,720,725,730,718,0,USD
2014-07-31,703,719,719,703,0,USD
2014-08-01,698,702,703,692,0,USD
2014-08-04,709,698,711,696,0,USD
2014-08-05,694,709,709,690,0,USD
2014-08-06,697,693,704,692,0,USD
2014-08-07,692,698,701,688,0,USD
2014-08-08,704,693,704,693,0,USD
2014-08-11,702,705,709,702,0,USD
2014-08-12,698,702,702,695,0,USD
2014-08-13,700,698,703,697,0,USD
2014-08-14,697,701,702,696,0,USD
2014-08-15,700,697,701,695,0,USD
2014-08-18,702,701,704,699,0,USD
2014-08-19,707,703,708,703,0,USD
2014-08-20,709,707,709,704,0,USD
2014-08-21,709,709,710,707,0,USD
2014-08-22,704,708,708,701,0,USD
2014-08-25,710,705,710,705,0,USD
2014-08-26,713,710,717,710,0,USD
2014-08-27,713,714,715,711,0,USD
2014-08-28,712,712,713,710,0,USD
2014-08-29,716,713,716,711,0,USD
2014-09-02,707,716,716,704,0,USD
2014-09-03,709,708,713,708,0,USD
2014-09-04,700,710,711,697,0,USD
2014-09-05,705,700,705,696,0,USD
2014-09-08,693,704,704,690,0,USD
2014-09-09,690,694,697,686,0,USD
2014-09-10,688,690,690,680,0,USD
2014-09-11,689,687,690,680,0,USD
2014-09-12,678,687,687,677,0,USD
2014-09-15,683,678,685,675,0,USD
2014-09-16,691,683,696,682,0,USD
2014-09-17,688,692,693,686,0,USD
2014-09-18,685,689,689,683,0,USD
2014-09-19,685,685,690,685,0,USD
2014-09-22,676,684,684,674,0,USD
2014-09-23,673,675,680,673,0,USD
2014-09-24,674,673,677,664,0,USD
2014-09-25,663,673,674,663,0,USD
2014-09-26,672,663,674,661,0,USD
2014-09-29,669,672,672,661,0,USD
2014-09-30,661,668,670,658,0,USD
2014-10-01,649,661,664,647,0,USD
2014-10-02,646,648,650,635,0,USD
2014-10-03,646,647,649,640,0,USD
2014-10-06,647,647,653,643,0,USD
2014-10-07,638,646,651,638,0,USD
2014-10-08,645,638,645,627,0,USD
2014-10-09,621,644,644,620,0,USD
2014-10-10,614,621,626,608,0,USD
2014-10-13,596,613,619,596,0,USD
2014-10-14,589,597,605,586,0,USD
2014-10-15,591,589,593,571,0,USD
2014-10-16,601,591,606,580,0,USD
2014-10-17,607,601,618,601,0,USD
2014-10-20,612,607,612,603,0,USD
2014-10-21,629,612,631,612,0,USD
2014-10-22,619,630,635,619,0,USD
2014-10-23,630,620,636,620,0,USD
2014-10-24,628,630,630,620,0,USD
2014-10-27,615,628,628,610,0,USD
2014-10-28,629,616,630,616,0,USD
2014-10-29,630,630,640,624,0,USD
2014-10-30,629,630,631,621,0,USD
2014-10-31,641,629,642,624,0,USD
2014-11-03,630,642,646,628,0,USD
2014-11-04,618,629,629,613,0,USD
2014-11-05,629,618,631,618,0,USD
2014-11-06,637,628,637,623,0,USD
2014-11-07,643,637,647,637,0,USD
2014-11-10,637,643,650,636,0,USD
2014-11-11,639,638,640,632,0,USD
2014-11-12,633,638,641,632,0,USD
2014-11-13,625,632,632,616,0,USD
2014-11-14,630,625,630,623,0,USD
2014-11-17,627,629,630,624,0,USD
2014-11-18,627,627,632,625,0,USD
2014-11-19,631,628,632,623,0,USD
2014-11-20,638,631,638,631,0,USD
2014-11-21,646,638,650,638,0,USD
2014-11-24,641,645,647,638,0,USD
2014-11-25,631,642,643,630,0,USD
2014-11-26,624,630,630,623,0,USD
2014-11-28,585,624,624,583,0,USD
2014-12-01,589,584,590,579,0,USD
2014-12-02,597,589,601,585,0,USD
2014-12-03,604,597,607,597,0,USD
2014-12-04,599,602,602,593,0,USD
2014-12-05,592,598,598,589,0,USD
2014-12-08,568,591,591,567,0,USD
2014-12-09,573,568,576,565,0,USD
2014-12-10,556,572,572,552,0,USD
2014-12-11,556,556,570,555,0,USD
2014-12-12,544,556,556,544,0,USD
2014-12-15,540,544,554,539,0,USD
2014-12-16,544,539,560,534,0,USD
2014-12-17,567,544,571,544,0,USD
2014-12-18,579,567,580,563,0,USD
2014-12-19,597,579,597,577,0,USD
2014-12-22,591,597,597,585,0,USD
2014-12-23,598,592,601,591,0,USD
2014-12-24,594,598,598,587,0,USD
2014-12-26,593,595,598,591,0,USD
2014-12-29,595,594,599,592,0,USD
2014-12-30,591,594,595,589,0,USD
2014-12-31,587,590,592,583,0,USD
2015-01-02,589,587,591,581,0,USD
2015-01-05,566,589,589,563,0,USD
2015-01-06,558,566,570,554,0,USD
2015-01-07,560,558,567,556,0,USD
2015-01-08,572,560,573,560,0,USD
2015-01-09,568,572,573,563,0,USD
2015-01-12,552,568,568,549,0,USD
2015-01-13,548,552,558,543,0,USD
2015-01-14,549,548,550,534,0,USD
2015-01-15,542,549,555,542,0,USD
2015-01-16,559,542,560,542,0,USD
2015-01-20,560,559,560,550,0,USD
2015-01-21,570,560,571,560,0,USD
2015-01-22,573,570,574,563,0,USD
2015-01-23,568,573,576,568,0,USD
2015-01-26,576,568,577,565,0,USD
2015-01-27,575,576,578,570,0,USD
2015-01-28,553,575,575,552,0,USD
2015-01-29,554,553,557,542,0,USD
2015-01-30,558,554,564,546,0,USD
2015-02-02,575,558,575,558,0,USD
2015-02-03,591,575,593,575,0,USD
2015-02-04,581,591,591,576,0,USD
2015-02-05,590,581,592,581,0,USD
2015-02-06,588,590,594,586,0,USD
2015-02-09,589,588,595,588,0,USD
2015-02-10,588,589,589,578,0,USD
2015-02-11,584,588,588,578,0,USD
2015-02-12,592,584,594,584,0,USD
2015-02-13,603,592,604,592,0,USD
2015-02-17,604,603,605,597,0,USD
2015-02-18,595,604,604,594,0,USD
2015-02-19,591,595,595,581,0,USD
2015-02-20,589,591,592,584,0,USD
2015-02-23,587,589,591,582,0,USD
2015-02-24,588,587,590,585,0,USD
2015-02-25,590,588,591,586,0,USD
2015-02-26,580,590,590,577,0,USD
2015-02-27,578,580,582,577,0,USD
2015-03-02,574,578,578,568,0,USD
2015-03-03,575,574,578,571,0,USD
2015-03-04,574,575,575,568,0,USD
2015-03-05,570,574,574,570,0,USD
2015-03-06,561,570,570,559,0,USD
2015-03-09,557,561,566,557,0,USD
2015-03-10,549,557,557,549,0,USD
2015-03-11,550,549,553,547,0,USD
2015-03-12,547,550,553,547,0,USD
2015-03-13,545,547,547,539,0,USD
2015-03-16,552,545,553,541,0,USD
2015-03-17,549,552,552,546,0,USD
2015-03-18,565,549,568,546,0,USD
2015-03-19,556,565,565,555,0,USD
2015-03-20,563,556,567,556,0,USD
2015-03-23,562,563,568,562,0,USD
2015-03-24,558,562,564,558,0,USD
2015-03-25,565,558,569,558,0,USD
2015-03-26,563,565,571,561,0,USD
2015-03-27,559,563,563,558,0,USD
2015-03-30,571,559,572,559,0,USD
2015-03-31,566,571,571,565,0,USD
2015-04-01,567,566,572,566,0,USD
2015-04-02,568,567,571,563,0,USD
2015-04-06,578,568,581,568,0,USD
2015-04-07,580,578,582,576,0,USD
2015-04-08,574,580,583,573,0,USD
2015-04-09,582,574,584,574,0,USD
2015-04-10,585,582,587,582,0,USD
2015-04-13,580,585,589,580,0,USD
2015-04-14,591,580,593,580,0,USD
2015-04-15,604,591,606,591,0,USD
2015-04-16,603,604,607,598,0,USD
2015-04-17,598,603,603,593,0,USD
2015-04-20,600,598,607,598,0,USD
2015-04-21,594,600,601,592,0,USD
2015-04-22,598,594,600,592,0,USD
2015-04-23,602,598,606,598,0,USD
2015-04-24,598,602,602,596,0,USD
2015-04-27,598,598,602,597,0,USD
2015-04-28,601,598,601,596,0,USD
2015-04-29,605,601,606,597,0,USD
2015-04-30,603,605,608,600,0,USD
2015-05-01,605,603,605,600,0,USD
2015-05-04,603,605,608,601,0,USD
2015-05-05,597,603,611,597,0,USD
2015-05-06,595,597,604,592,0,USD
2015-05-07,588,595,595,584,0,USD
2015-05-08,598,588,598,587,0,USD
2015-05-11,586,598,598,585,0,USD
2015-05-12,588,586,591,584,0,USD
2015-05-13,586,588,593,584,0,USD
2015-05-14,587,586,592,586,0,USD
2015-05-15,588,587,590,582,0,USD
2015-05-18,587,588,588,584,0,USD
2015-05-19,580,587,587,579,0,USD
2015-05-20,581,580,583,578,0,USD
2015-05-21,586,581,587,581,0,USD
2015-05-22,583,586,586,581,0,USD
2015-05-26,574,583,583,572,0,USD
2015-05-27,574,574,579,571,0,USD
2015-05-28,572,574,574,568,0,USD
2015-05-29,571,572,575,570,0,USD
2015-06-01,570,571,572,569,0,USD
2015-06-02,573,570,576,569,0,USD
2015-06-03,569,573,576,569,0,USD
2015-06-04,562,569,569,562,0,USD
2015-06-05,566,562,571,560,0,USD
2015-06-08,563,566,567,562,0,USD
2015-06-09,563,563,569,563,0,USD
2015-06-10,569,563,571,563,0,USD
2015-06-11,567,569,571,566,0,USD
2015-06-12,561,567,567,560,0,USD
2015-06-15,559,561,562,555,0,USD
2015-06-16,563,559,564,557,0,USD
2015-06-17,563,563,569,560,0,USD
2015-06-18,563,563,567,563,0,USD
2015-06-19,558,563,563,558,0,USD
2015-06-22,564,558,564,558,0,USD
2015-06-23,565,564,566,562,0,USD
2015-06-24,562,565,567,562,0,USD
2015-06-25,556,562,562,556,0,USD
2015-06-26,557,556,558,553,0,USD
2015-06-29,548,557,557,547,0,USD
2015-06-30,551,548,554,548,0,USD
2015-07-01,544,551,552,542,0,USD
2015-07-02,546,544,549,544,0,USD
2015-07-06,539,546,546,537,0,USD
2015-07-07,544,539,546,532,0,USD
2015-07-08,533,544,544,532,0,USD
2015-07-09,536,533,543,533,0,USD
2015-07-10,538,536,542,536,0,USD
2015-07-13,542,538,543,538,0,USD
2015-07-14,546,542,548,541,0,USD
2015-07-15,537,546,546,535,0,USD
2015-07-16,538,537,541,536,0,USD
2015-07-17,532,538,538,530,0,USD
2015-07-20,525,532,532,525,0,USD
2015-07-21,526,525,530,524,0,USD
2015-07-22,522,526,527,521,0,USD
2015-07-23,521,522,525,517,0,USD
2015-07-24,510,521,521,509,0,USD
2015-07-27,503,510,510,501,0,USD
2015-07-28,518,503,521,503,0,USD
2015-07-29,525,518,525,515,0,USD
2015-07-30,522,525,526,519,0,USD
2015-07-31,508,522,522,507,0,USD
2015-08-03,498,508,508,497,0,USD
2015-08-04,496,498,503,494,0,USD
2015-08-05,492,496,504,492,0,USD
2015-08-06,500,492,501,486,0,USD
2015-08-07,490,500,501,489,0,USD
2015-08-10,506,490,506,490,0,USD
2015-08-11,505,506,506,494,0,USD
2015-08-12,514,505,515,501,0,USD
2015-08-13,507,514,514,507,0,USD
2015-08-14,506,507,511,505,0,USD
2015-08-17,506,506,509,501,0,USD
2015-08-18,504,506,506,501,0,USD
2015-08-19,490,504,504,488,0,USD
2015-08-20,479,490,491,479,0,USD
2015-08-21,462,479,479,462,0,USD
2015-08-24,438,462,462,434,0,USD
2015-08-25,432,438,451,432,0,USD
2015-08-26,448,432,448,432,0,USD
2015-08-27,470,448,470,448,0,USD
2015-08-28,479,470,484,469,0,USD
2015-08-31,484,479,486,467,0,USD
2015-09-01,467,484,484,463,0,USD
2015-09-02,471,467,472,461,0,USD
2015-09-03,472,471,482,470,0,USD
2015-09-04,464,472,472,462,0,USD
2015-09-08,471,464,471,464,0,USD
2015-09-09,462,471,480,461,0,USD
2015-09-10,464,462,467,458,0,USD
2015-09-11,461,464,464,455,0,USD
2015-09-14,457,461,461,455,0,USD
2015-09-15,462,457,464,457,0,USD
2015-09-16,475,462,476,462,0,USD
2015-09-17,475,475,483,472,0,USD
2015-09-18,462,475,475,459,0,USD
2015-09-21,465,462,468,462,0,USD
2015-09-22,460,465,465,457,0,USD
2015-09-23,454,460,463,454,0,USD
2015-09-24,456,454,459,448,0,USD
2015-09-25,457,456,460,453,0,USD
2015-09-28,440,457,457,440,0,USD
2015-09-29,441,440,446,437,0,USD
2015-09-30,451,441,452,441,0,USD
2015-10-01,452,452,462,448,0,USD
2015-10-02,470,452,470,446,0,USD
2015-10-05,483,470,484,470,0,USD
2015-10-06,494,483,497,482,0,USD
2015-10-07,500,494,506,490,0,USD
2015-10-08,510,500,511,496,0,USD
2015-10-09,506,510,511,503,0,USD
2015-10-12,501,506,507,496,0,USD
2015-10-13,496,501,503,495,0,USD
2015-10-14,501,496,503,494,0,USD
2015-10-15,509,501,509,497,0,USD
2015-10-16,510,509,512,503,0,USD
2015-10-19,500,510,510,498,0,USD
2015-10-20,501,500,503,497,0,USD
2015-10-21,496,501,502,495,0,USD
2015-10-22,506,496,507,496,0,USD
2015-10-23,505,506,509,500,0,USD
2015-10-26,492,505,505,492,0,USD
2015-10-27,486,492,492,481,0,USD
2015-10-28,497,486,500,486,0,USD
2015-10-29,499,497,504,494,0,USD
2015-10-30,502,499,508,496,0,USD
2015-11-02,514,502,517,499,0,USD
2015-11-03,527,514,531,514,0,USD
2015-11-04,522,527,528,518,0,USD
2015-11-05,516,522,525,515,0,USD
2015-11-06,514,516,516,506,0,USD
2015-11-09,507,514,517,505,0,USD
2015-11-10,508,507,512,503,0,USD
2015-11-11,498,508,509,497,0,USD
2015-11-12,486,498,498,486,0,USD
2015-11-13,484,486,488,479,0,USD
2015-11-16,499,484,499,483,0,USD
2015-11-17,493,499,500,492,0,USD
2015-11-18,501,493,502,493,0,USD
2015-11-19,495,501,501,492,0,USD
2015-11-20,490,495,498,489,0,USD
2015-11-23,493,490,496,486,0,USD
2015-11-24,504,493,506,493,0,USD
2015-11-25,500,504,504,497,0,USD
2015-11-27,496,500,500,495,0,USD
2015-11-30,498,496,503,496,0,USD
2015-12-01,502,498,502,498,0,USD
2015-12-02,486,502,502,485,0,USD
2015-12-03,476,486,490,474,0,USD
2015-12-04,474,476,476,465,0,USD
2015-12-07,457,474,474,450,0,USD
2015-12-08,450,457,457,441,0,USD
2015-12-09,456,450,466,450,0,USD
2015-12-10,459,456,466,453,0,USD
2015-12-11,443,459,459,443,0,USD
2015-12-14,447,443,449,437,0,USD
2015-12-15,459,447,462,447,0,USD
2015-12-16,457,459,462,452,0,USD
2015-12-17,446,457,458,446,0,USD
2015-12-18,438,446,446,438,0,USD
2015-12-21,439,438,442,435,0,USD
2015-12-22,444,439,446,438,0,USD
2015-12-23,463,444,463,444,0,USD
2015-12-24,459,463,464,457,0,USD
2015-12-28,450,459,459,448,0,USD
2015-12-29,454,450,459,450,0,USD
2015-12-30,447,454,454,447,0,USD
2015-12-31,448,447,451,444,0,USD
2016-01-04,448,448,451,441,0,USD
2016-01-05,450,448,450,443,0,USD
2016-01-06,434,450,450,431,0,USD
2016-01-07,423,434,435,422,0,USD
2016-01-08,418,423,427,416,0,USD
2016-01-11,409,418,419,404,0,USD
2016-01-12,411,409,416,400,0,USD
2016-01-13,403,411,419,399,0,USD
2016-01-14,421,403,425,402,0,USD
2016-01-15,409,421,421,402,0,USD
2016-01-19,400,409,414,394,0,USD
2016-01-20,389,400,400,376,0,USD
2016-01-21,400,389,405,386,0,USD
2016-01-22,417,400,419,400,0,USD
2016-01-25,398,417,419,398,0,USD
2016-01-26,413,398,413,398,0,USD
2016-01-27,411,413,422,406,0,USD
2016-01-28,424,411,427,411,0,USD
2016-01-29,435,424,435,422,0,USD
2016-02-01,427,435,435,420,0,USD
2016-02-02,413,427,427,411,0,USD
2016-02-03,429,413,429,405,0,USD
2016-02-04,429,429,436,427,0,USD
2016-02-05,420,429,429,416,0,USD
2016-02-08,420,420,423,407,0,USD
2016-02-09,410,420,420,404,0,USD
2016-02-10,408,410,417,405,0,USD
2016-02-11,406,408,409,395,0,USD
2016-02-12,417,406,418,406,0,USD
2016-02-16,420,417,421,414,0,USD
2016-02-17,432,420,434,420,0,USD
2016-02-18,428,432,436,426,0,USD
2016-02-19,427,428,428,419,0,USD
2016-02-22,436,427,438,427,0,USD
2016-02-23,422,436,436,421,0,USD
2016-02-24,426,422,427,413,0,USD
2016-02-25,427,426,427,418,0,USD
2016-02-26,428,427,434,427,0,USD
2016-02-29,424,428,431,423,0,USD
2016-03-01,433,424,434,422,0,USD
2016-03-02,444,433,444,428,0,USD
2016-03-03,449,444,450,441,0,USD
2016-03-04,453,449,459,447,0,USD
2016-03-07,464,453,464,452,0,USD
2016-03-08,445,464,464,445,0,USD
2016-03-09,452,445,457,445,0,USD
2016-03-10,452,452,452,444,0,USD
2016-03-11,462,452,463,452,0,USD
2016-03-14,459,462,462,454,0,USD
2016-03-15,458,459,459,450,0,USD
2016-03-16,466,458,467,458,0,USD
2016-03-17,472,466,476,466,0,USD
2016-03-18,473,472,476,469,0,USD
2016-03-21,471,473,475,467,0,USD
2016-03-22,469,471,473,468,0,USD
2016-03-23,460,469,469,459,0,USD
2016-03-24,462,460,462,452,0,USD
2016-03-28,460,462,463,457,0,USD
2016-03-29,462,460,462,453,0,USD
2016-03-30,463,462,468,461,0,USD
2016-03-31,462,463,467,461,0,USD
2016-04-01,456,462,462,453,0,USD
2016-04-04,454,456,460,452,0,USD
2016-04-05,450,454,454,449,0,USD
2016-04-06,460,450,460,450,0,USD
2016-04-07,457,460,460,453,0,USD
2016-04-08,466,457,468,457,0,USD
2016-04-11,464,466,471,464,0,USD
2016-04-12,477,464,479,464,0,USD
2016-04-13,479,477,480,474,0,USD
2016-04-14,481,479,482,478,0,USD
2016-04-15,475,481,481,475,0,USD
2016-04-18,483,475,483,468,0,USD
2016-04-19,492,483,492,483,0,USD
2016-04-20,496,492,500,488,0,USD
2016-04-21,493,496,499,492,0,USD
2016-04-22,500,493,501,493,0,USD
2016-04-25,495,500,500,491,0,USD
2016-04-26,501,495,502,495,0,USD
2016-04-27,510,501,511,501,0,USD
2016-04-28,503,510,511,501,0,USD
2016-04-29,502,503,509,496,0,USD
2016-05-02,503,502,504,497,0,USD
2016-05-03,491,503,503,488,0,USD
2016-05-04,485,491,495,483,0,USD
2016-05-05,489,485,495,485,0,USD
2016-05-06,488,489,493,485,0,USD
2016-05-09,482,488,488,475,0,USD
2016-05-10,490,482,490,482,0,USD
2016-05-11,489,490,494,484,0,USD
2016-05-12,491,489,497,488,0,USD
2016-05-13,485,491,492,484,0,USD
2016-05-16,493,485,494,485,0,USD
2016-05-17,494,493,498,491,0,USD
2016-05-18,489,494,495,486,0,USD
2016-05-19,490,489,491,481,0,USD
2016-05-20,493,490,494,489,0,USD
2016-05-23,491,493,493,488,0,USD
2016-05-24,494,491,496,491,0,USD
2016-05-25,501,494,502,494,0,USD
2016-05-26,499,501,505,498,0,USD
2016-05-27,499,499,499,495,0,USD
2016-05-31,497,499,504,494,0,USD
2016-06-01,497,497,498,491,0,USD
2016-06-02,496,497,497,491,0,USD
2016-06-03,494,496,498,491,0,USD
2016-06-06,504,494,504,494,0,USD
2016-06-07,515,504,516,504,0,USD
2016-06-08,514,515,520,513,0,USD
2016-06-09,511,514,514,508,0,USD
2016-06-10,501,511,511,500,0,USD
2016-06-13,500,501,506,498,0,USD
2016-06-14,499,500,501,494,0,USD
2016-06-15,498,499,503,495,0,USD
2016-06-16,497,498,498,487,0,USD
2016-06-17,501,497,502,497,0,USD
2016-06-20,505,501,509,501,0,USD
2016-06-21,510,505,511,502,0,USD
2016-06-22,507,510,513,507,0,USD
2016-06-23,516,507,516,507,0,USD
2016-06-24,498,516,516,496,0,USD
2016-06-27,485,498,498,481,0,USD
2016-06-28,498,485,498,485,0,USD
2016-06-29,508,498,510,498,0,USD
2016-06-30,512,508,513,505,0,USD
2016-07-01,515,512,516,512,0,USD
2016-07-05,505,515,515,500,0,USD
2016-07-06,508,505,508,499,0,USD
2016-07-07,503,508,513,499,0,USD
2016-07-08,509,503,510,503,0,USD
2016-07-11,510,509,514,509,0,USD
2016-07-12,521,510,523,510,0,USD
2016-07-13,518,521,522,513,0,USD
2016-07-14,520,518,522,518,0,USD
2016-07-15,520,520,523,518,0,USD
2016-07-18,519,520,520,515,0,USD
2016-07-19,517,519,519,515,0,USD
2016-07-20,516,517,518,511,0,USD
2016-07-21,511,516,519,510,0,USD
2016-07-22,513,511,513,510,0,USD
2016-07-25,503,513,513,501,0,USD
2016-07-26,505,503,505,499,0,USD
2016-07-27,499,505,508,498,0,USD
2016-07-28,499,499,501,495,0,USD
2016-07-29,502,499,503,489,0,USD
2016-08-01,486,502,502,484,0,USD
2016-08-02,490,486,492,482,0,USD
2016-08-03,498,490,498,488,0,USD
2016-08-04,498,498,501,495,0,USD
2016-08-05,502,498,502,497,0,USD
2016-08-08,508,502,511,502,0,USD
2016-08-09,506,508,509,504,0,USD
2016-08-10,498,506,507,497,0,USD
2016-08-11,505,498,507,498,0,USD
2016-08-12,508,505,509,505,0,USD
2016-08-15,511,508,513,508,0,USD
2016-08-16,512,511,514,508,0,USD
2016-08-17,513,512,514,509,0,USD
2016-08-18,522,513,522,513,0,USD
2016-08-19,518,522,522,517,0,USD
2016-08-22,514,518,518,510,0,USD
2016-08-23,516,514,517,513,0,USD
2016-08-24,514,516,517,513,0,USD
2016-08-25,513,514,515,511,0,USD
2016-08-26,511,513,518,509,0,USD
2016-08-29,515,511,515,510,0,USD
2016-08-30,512,515,518,511,0,USD
2016-08-31,505,512,512,502,0,USD
2016-09-01,504,505,505,500,0,USD
2016-09-02,508,504,510,504,0,USD
2016-09-06,516,508,516,508,0,USD
2016-09-07,518,516,519,515,0,USD
2016-09-08,526,518,527,518,0,USD
2016-09-09,512,526,526,512,0,USD
2016-09-12,516,512,518,507,0,USD
2016-09-13,501,516,516,500,0,USD
2016-09-14,496,501,506,494,0,USD
2016-09-15,501,496,505,496,0,USD
2016-09-16,497,501,501,494,0,USD
2016-09-19,496,497,502,496,0,USD
2016-09-20,492,496,499,492,0,USD
2016-09-21,503,492,503,492,0,USD
2016-09-22,504,503,510,503,0,USD
2016-09-23,497,504,506,495,0,USD
2016-09-26,495,497,502,494,0,USD
2016-09-27,493,495,495,487,0,USD
2016-09-28,514,493,515,492,0,USD
2016-09-29,514,514,519,509,0,USD
2016-09-30,520,514,523,514,0,USD
2016-10-03,520,520,521,516,0,USD
2016-10-04,515,520,521,512,0,USD
2016-10-05,522,515,524,515,0,USD
2016-10-06,523,522,525,518,0,USD
2016-10-07,520,523,525,519,0,USD
2016-10-10,528,520,530,520,0,USD
2016-10-11,522,528,528,520,0,USD
2016-10-12,520,522,522,516,0,USD
2016-10-13,516,520,520,510,0,USD
2016-10-14,514,516,521,514,0,USD
2016-10-17,512,514,516,509,0,USD
2016-10-18,514,512,517,512,0,USD
2016-10-19,521,514,525,514,0,USD
2016-10-20,520,521,522,515,0,USD
2016-10-21,517,520,520,514,0,USD
2016-10-24,516,517,519,511,0,USD
2016-10-25,513,516,521,513,0,USD
2016-10-26,515,513,517,509,0,USD
2016-10-27,513,515,518,513,0,USD
2016-10-28,511,513,519,508,0,USD
2016-10-31,505,511,511,504,0,USD
2016-11-01,505,505,510,500,0,USD
2016-11-02,500,505,505,495,0,USD
2016-11-03,502,500,503,498,0,USD
2016-11-04,500,502,504,497,0,USD
2016-11-07,511,500,511,500,0,USD
2016-11-08,510,511,513,507,0,USD
2016-11-09,518,510,522,507,0,USD
2016-11-10,520,518,524,516,0,USD
2016-11-11,511,520,520,507,0,USD
2016-11-14,513,511,513,506,0,USD
2016-11-15,527,513,527,513,0,USD
2016-11-16,522,527,528,521,0,USD
2016-11-17,519,522,529,517,0,USD
2016-11-18,521,519,523,518,0,USD
2016-11-21,532,521,533,521,0,USD
2016-11-22,532,532,535,526,0,USD
2016-11-23,535,532,536,530,0,USD
2016-11-25,533,535,535,530,0,USD
2016-11-28,526,533,535,525,0,USD
2016-11-29,520,526,526,514,0,USD
2016-11-30,545,520,549,520,0,USD
2016-12-01,546,545,556,545,0,USD
2016-12-02,547,546,550,544,0,USD
2016-12-05,551,547,555,547,0,USD
2016-12-06,550,551,552,544,0,USD
2016-12-07,554,550,554,548,0,USD
2016-12-08,556,554,557,551,0,USD
2016-12-09,559,556,559,555,0,USD
2016-12-12,563,559,572,559,0,USD
2016-12-13,570,563,574,562,0,USD
2016-12-14,558,570,570,557,0,USD
2016-12-15,560,558,562,553,0,USD
2016-12-16,563,560,564,560,0,USD
2016-12-19,560,563,564,559,0,USD
2016-12-20,559,560,564,558,0,USD
2016-12-21,560,559,563,559,0,USD
2016-12-22,563,560,564,559,0,USD
2016-12-23,562,563,563,561,0,USD
2016-12-27,563,562,565,562,0,USD
2016-12-28,557,563,564,557,0,USD
2016-12-29,556,557,558,555,0,USD
2016-12-30,555,556,559,553,0,USD
2017-01-03,561,555,565,555,0,USD
2017-01-04,559,561,562,558,0,USD
2017-01-05,557,559,562,555,0,USD
2017-01-06,558,557,559,554,0,USD
2017-01-09,549,558,558,549,0,USD
2017-01-10,544,549,550,544,0,USD
2017-01-11,551,544,551,544,0,USD
2017-01-12,548,551,553,546,0,USD
2017-01-13,547,548,549,546,0,USD
2017-01-17,550,547,552,547,0,USD
2017-01-18,549,550,550,547,0,USD
2017-01-19,545,549,549,544,0,USD
2017-01-20,547,545,550,545,0,USD
2017-01-23,541,547,547,539,0,USD
2017-01-24,547,541,549,541,0,USD
2017-01-25,550,547,552,547,0,USD
2017-01-26,550,550,552,549,0,USD
2017-01-27,544,550,550,543,0,USD
2017-01-30,535,544,544,531,0,USD
2017-01-31,534,535,536,529,0,USD
2017-02-01,530,534,538,527,0,USD
2017-02-02,533,530,534,527,0,USD
2017-02-03,538,533,540,532,0,USD
2017-02-06,533,538,539,532,0,USD
2017-02-07,526,533,533,523,0,USD
2017-02-08,526,526,526,517,0,USD
2017-02-09,530,526,532,526,0,USD
2017-02-10,534,530,537,530,0,USD
2017-02-13,535,534,535,532,0,USD
2017-02-14,535,535,535,529,0,USD
2017-02-15,533,535,536,532,0,USD
2017-02-16,526,533,534,526,0,USD
2017-02-17,523,526,526,522,0,USD
2017-02-21,527,523,529,523,0,USD
2017-02-22,519,527,527,518,0,USD
2017-02-23,521,519,525,518,0,USD
2017-02-24,517,521,521,514,0,USD
2017-02-27,521,517,523,516,0,USD
2017-02-28,520,521,522,518,0,USD
2017-03-01,530,520,532,520,0,USD
2017-03-02,526,530,531,526,0,USD
2017-03-03,524,526,528,523,0,USD
2017-03-06,526,524,526,522,0,USD
2017-03-07,521,526,527,520,0,USD
2017-03-08,508,521,521,507,0,USD
2017-03-09,511,508,511,502,0,USD
2017-03-10,510,511,515,507,0,USD
2017-03-13,510,510,513,508,0,USD
2017-03-14,505,510,510,501,0,USD
2017-03-15,515,505,516,505,0,USD
2017-03-16,512,515,516,511,0,USD
2017-03-17,512,512,515,512,0,USD
2017-03-20,511,512,512,507,0,USD
2017-03-21,508,511,513,506,0,USD
2017-03-22,507,508,509,504,0,USD
2017-03-23,505,507,509,505,0,USD
2017-03-24,503,505,507,502,0,USD
2017-03-27,501,503,503,498,0,USD
2017-03-28,507,501,509,500,0,USD
2017-03-29,514,507,514,506,0,USD
2017-03-30,516,514,519,513,0,USD
2017-03-31,514,516,517,512,0,USD
2017-04-03,513,514,515,508,0,USD
2017-04-04,517,513,517,509,0,USD
2017-04-05,515,517,525,515,0,USD
2017-04-06,519,515,520,515,0,USD
2017-04-07,517,519,521,516,0,USD
2017-04-10,521,517,523,517,0,USD
2017-04-11,521,521,521,516,0,USD
2017-04-12,519,521,525,517,0,USD
2017-04-13,509,519,519,508,0,USD
2017-04-17,510,509,511,508,0,USD
2017-04-18,506,510,511,505,0,USD
2017-04-19,499,506,508,497,0,USD
2017-04-20,501,499,505,499,0,USD
2017-04-21,499,501,501,496,0,USD
2017-04-24,501,499,503,499,0,USD
2017-04-25,506,501,507,501,0,USD
2017-04-26,504,506,511,503,0,USD
2017-04-27,498,504,504,494,0,USD
2017-04-28,499,498,503,498,0,USD
2017-05-01,498,499,500,497,0,USD
2017-05-02,495,498,500,493,0,USD
2017-05-03,497,495,499,493,0,USD
2017-05-04,488,497,497,485,0,USD
2017-05-05,495,488,496,488,0,USD
2017-05-08,499,495,500,495,0,USD
2017-05-09,495,499,499,493,0,USD
2017-05-10,500,495,502,495,0,USD
2017-05-11,499,500,502,498,0,USD
2017-05-12,497,499,499,496,0,USD
2017-05-15,500,497,505,497,0,USD
2017-05-16,498,500,502,497,0,USD
2017-05-17,493,498,499,492,0,USD
2017-05-18,492,493,495,489,0,USD
2017-05-19,498,492,499,492,0,USD
2017-05-22,497,498,500,496,0,USD
2017-05-23,498,497,499,496,0,USD
2017-05-24,496,498,499,494,0,USD
2017-05-25,487,496,499,485,0,USD
2017-05-26,487,487,488,485,0,USD
2017-05-30,481,487,487,481,0,USD
2017-05-31,479,481,481,477,0,USD
2017-06-01,482,479,484,478,0,USD
2017-06-02,477,482,482,475,0,USD
2017-06-05,477,477,479,475,0,USD
2017-06-06,483,477,484,476,0,USD
2017-06-07,476,483,483,473,0,USD
2017-06-08,475,476,478,474,0,USD
2017-06-09,486,475,488,475,0,USD
2017-06-12,490,486,494,486,0,USD
2017-06-13,493,490,494,489,0,USD
2017-06-14,484,493,493,481,0,USD
2017-06-15,481,484,484,479,0,USD
2017-06-16,489,481,489,481,0,USD
2017-06-19,486,489,489,484,0,USD
2017-06-20,480,486,486,474,0,USD
2017-06-21,472,480,481,470,0,USD
2017-06-22,471,472,476,470,0,USD
2017-06-23,475,471,475,470,0,USD
2017-06-26,474,475,477,472,0,USD
2017-06-27,473,474,477,473,0,USD
2017-06-28,476,473,478,473,0,USD
2017-06-29,476,476,481,475,0,USD
2017-06-30,478,476,480,475,0,USD
2017-07-03,487,478,490,478,0,USD
2017-07-05,478,487,487,476,0,USD
2017-07-06,472,478,480,472,0,USD
2017-07-07,472,472,473,467,0,USD
2017-07-10,473,472,474,470,0,USD
2017-07-11,476,473,477,471,0,USD
2017-07-12,477,476,482,475,0,USD
2017-07-13,479,477,479,475,0,USD
2017-07-14,482,479,483,479,0,USD
2017-07-17,481,482,484,480,0,USD
2017-07-18,479,481,483,477,0,USD
2017-07-19,485,479,486,478,0,USD
2017-07-20,484,485,490,483,0,USD
2017-07-21,479,484,484,479,0,USD
2017-07-24,478,479,480,477,0,USD
2017-07-25,484,478,487,478,0,USD
2017-07-26,485,484,490,483,0,USD
2017-07-27,489,485,490,482,0,USD
2017-07-28,488,489,493,486,0,USD
2017-07-31,490,488,492,488,0,USD
2017-08-01,490,490,493,488,0,USD
2017-08-02,488,490,490,484,0,USD
2017-08-03,482,488,488,480,0,USD
2017-08-04,483,482,484,481,0,USD
2017-08-07,479,483,483,478,0,USD
2017-08-08,479,479,483,477,0,USD
2017-08-09,479,479,482,477,0,USD
2017-08-10,473,479,479,472,0,USD
2017-08-11,470,473,474,469,0,USD
2017-08-14,468,470,473,468,0,USD
2017-08-15,466,468,468,464,0,USD
2017-08-16,461,466,467,460,0,USD
2017-08-17,455,461,461,455,0,USD
2017-08-18,457,455,460,453,0,USD
2017-08-21,455,457,457,453,0,USD
2017-08-22,458,455,459,455,0,USD
2017-08-23,459,458,462,456,0,USD
2017-08-24,459,459,461,458,0,USD
2017-08-25,462,459,464,459,0,USD
2017-08-28,460,462,463,457,0,USD
2017-08-29,459,460,460,456,0,USD
2017-08-30,459,459,461,456,0,USD
2017-08-31,462,459,462,459,0,USD
2017-09-01,465,462,467,461,0,USD
2017-09-05,468,465,470,465,0,USD
2017-09-06,476,468,477,468,0,USD
2017-09-07,476,476,478,473,0,USD
2017-09-08,471,476,476,470,0,USD
2017-09-11,476,471,477,471,0,USD
2017-09-12,479,476,480,476,0,USD
2017-09-13,485,479,485,479,0,USD
2017-09-14,487,485,490,485,0,USD
2017-09-15,488,487,488,485,0,USD
2017-09-18,490,488,490,486,0,USD
2017-09-19,492,490,492,490,0,USD
2017-09-20,495,492,496,492,0,USD
2017-09-21,495,495,496,493,0,USD
2017-09-22,497,495,499,494,0,USD
2017-09-25,505,497,506,497,0,USD
2017-09-26,504,505,505,502,0,USD
2017-09-27,506,504,506,502,0,USD
2017-09-28,507,506,510,506,0,USD
2017-09-29,507,507,507,504,0,USD
2017-10-02,507,507,507,500,0,USD
2017-10-03,506,507,508,505,0,USD
2017-10-04,506,506,507,504,0,USD
2017-10-05,508,506,509,506,0,USD
2017-10-06,504,508,508,502,0,USD
2017-10-09,505,504,506,504,0,USD
2017-10-10,506,505,510,505,0,USD
2017-10-11,507,506,507,503,0,USD
2017-10-12,505,507,507,502,0,USD
2017-10-13,505,505,509,504,0,USD
2017-10-16,506,505,509,505,0,USD
2017-10-17,506,506,507,503,0,USD
2017-10-18,503,506,508,502,0,USD
2017-10-19,501,503,503,500,0,USD
2017-10-20,502,501,502,499,0,USD
2017-10-23,499,502,504,499,0,USD
2017-10-24,501,499,503,499,0,USD
2017-10-25,497,501,501,496,0,USD
2017-10-26,498,497,500,496,0,USD
2017-10-27,499,498,502,492,0,USD
2017-10-30,501,499,503,499,0,USD
2017-10-31,503,501,505,499,0,USD
2017-11-01,509,503,511,503,0,USD
2017-11-02,507,509,510,504,0,USD
2017-11-03,508,507,510,506,0,USD
2017-11-06,519,508,520,508,0,USD
2017-11-07,518,519,521,516,0,USD
2017-11-08,516,518,519,513,0,USD
2017-11-09,518,516,519,514,0,USD
2017-11-10,514,518,518,510,0,USD
2017-11-13,511,514,514,510,0,USD
2017-11-14,503,511,511,502,0,USD
2017-11-15,497,503,503,496,0,USD
2017-11-16,494,497,497,493,0,USD
2017-11-17,496,494,497,494,0,USD
2017-11-20,495,496,496,493,0,USD
2017-11-21,496,495,499,495,0,USD
2017-11-22,499,496,500,496,0,USD
2017-11-24,500,499,501,499,0,USD
2017-11-27,495,500,500,494,0,USD
2017-11-28,499,495,499,495,0,USD
2017-11-29,502,499,502,498,0,USD
2017-11-30,509,502,510,502,0,USD
2017-12-01,513,509,516,508,0,USD
2017-12-04,513,513,521,512,0,USD
2017-12-05,510,513,515,510,0,USD
2017-12-06,504,510,510,503,0,USD
2017-12-07,505,504,506,503,0,USD
2017-12-08,510,505,510,505,0,USD
2017-12-11,513,510,516,510,0,USD
2017-12-12,512,513,515,511,0,USD
2017-12-13,511,512,513,510,0,USD
2017-12-14,509,511,513,509,0,USD
2017-12-15,509,509,513,508,0,USD
2017-12-18,513,509,515,509,0,USD
2017-12-19,513,513,516,512,0,USD
2017-12-20,520,513,521,513,0,USD
2017-12-21,531,520,533,520,0,USD
2017-12-22,532,531,534,530,0,USD
2017-12-26,537,532,538,532,0,USD
2017-12-27,535,537,537,534,0,USD
2017-12-28,536,535,536,534,0,USD
2017-12-29,533,536,537,533,0,USD
2018-01-02,543,533,544,533,0,USD
2018-01-03,551,543,553,543,0,USD
2018-01-04,555,551,555,549,0,USD
2018-01-05,554,555,555,550,0,USD
2018-01-08,558,554,558,553,0,USD
2018-01-09,556,558,559,555,0,USD
2018-01-10,555,556,558,555,0,USD
2018-01-11,567,555,568,555,0,USD
2018-01-12,572,567,572,567,0,USD
2018-01-16,565,572,573,564,0,USD
2018-01-17,570,565,572,563,0,USD
2018-01-18,565,570,570,564,0,USD
2018-01-19,565,565,565,561,0,USD
2018-01-22,577,565,577,565,0,USD
2018-01-23,576,577,578,573,0,USD
2018-01-24,574,576,579,572,0,USD
2018-01-25,570,574,576,569,0,USD
2018-01-26,573,570,574,570,0,USD
2018-01-29,564,573,573,564,0,USD
2018-01-30,553,564,564,553,0,USD
2018-01-31,553,553,555,550,0,USD
2018-02-01,560,553,560,552,0,USD
2018-02-02,536,560,560,533,0,USD
2018-02-05,513,536,536,505,0,USD
2018-02-06,517,513,520,502,0,USD
2018-02-07,508,517,524,508,0,USD
2018-02-08,493,508,511,493,0,USD
2018-02-09,491,493,497,475,0,USD
2018-02-12,499,491,505,491,0,USD
2018-02-13,497,499,499,494,0,USD
2018-02-14,504,497,505,491,0,USD
2018-02-15,502,504,505,494,0,USD
2018-02-16,501,502,505,498,0,USD
2018-02-20,498,501,505,496,0,USD
2018-02-21,489,498,501,489,0,USD
2018-02-22,495,489,502,489,0,USD
2018-02-23,506,495,506,495,0,USD
2018-02-26,509,506,510,506,0,USD
2018-02-27,502,509,514,502,0,USD
2018-02-28,491,502,506,491,0,USD
2018-03-01,490,491,497,486,0,USD
2018-03-02,492,490,494,483,0,USD
2018-03-05,497,492,499,490,0,USD
2018-03-06,497,497,502,495,0,USD
2018-03-07,493,497,497,489,0,USD
2018-03-08,493,493,495,489,0,USD
2018-03-09,502,493,502,493,0,USD
2018-03-12,502,502,506,500,0,USD
2018-03-13,498,502,506,496,0,USD
2018-03-14,495,498,501,494,0,USD
2018-03-15,493,495,499,489,0,USD
2018-03-16,498,493,499,492,0,USD
2018-03-19,490,498,498,487,0,USD
2018-03-20,494,490,497,490,0,USD
2018-03-21,507,494,510,494,0,USD
2018-03-22,496,507,507,495,0,USD
2018-03-23,493,496,504,492,0,USD
2018-03-26,502,493,503,493,0,USD
2018-03-27,498,502,506,495,0,USD
2018-03-28,488,498,499,487,0,USD
2018-03-29,498,488,500,488,0,USD
2018-04-02,488,498,498,480,0,USD
2018-04-03,499,488,499,485,0,USD
2018-04-04,498,499,499,488,0,USD
2018-04-05,507,498,510,498,0,USD
2018-04-06,498,507,507,491,0,USD
2018-04-09,500,498,506,498,0,USD
2018-04-10,517,500,521,500,0,USD
2018-04-11,522,517,523,515,0,USD
2018-04-12,522,522,526,520,0,USD
2018-04-13,528,522,530,522,0,USD
2018-04-16,533,528,535,526,0,USD
2018-04-17,535,533,538,532,0,USD
2018-04-18,544,535,548,535,0,USD
2018-04-19,544,544,548,541,0,USD
2018-04-20,541,544,544,538,0,USD
2018-04-23,545,541,545,537,0,USD
2018-04-24,539,545,550,536,0,USD
2018-04-25,543,539,544,534,0,USD
2018-04-26,551,543,552,543,0,USD
2018-04-27,545,551,551,543,0,USD
2018-04-30,545,545,551,544,0,USD
2018-05-01,542,545,545,535,0,USD
2018-05-02,544,542,548,540,0,USD
2018-05-03,542,544,544,535,0,USD
2018-05-04,545,542,547,539,0,USD
2018-05-07,546,545,558,545,0,USD
2018-05-08,550,546,550,536,0,USD
2018-05-09,561,550,567,550,0,USD
2018-05-10,566,561,567,561,0,USD
2018-05-11,565,566,569,564,0,USD
2018-05-14,569,565,572,565,0,USD
2018-05-15,569,569,570,565,0,USD
2018-05-16,571,569,571,565,0,USD
2018-05-17,579,571,579,571,0,USD
2018-05-18,574,579,579,573,0,USD
2018-05-21,579,574,580,574,0,USD
2018-05-22,572,579,583,571,0,USD
2018-05-23,572,572,572,564,0,USD
2018-05-24,562,572,572,560,0,USD
2018-05-25,548,562,562,542,0,USD
2018-05-29,546,548,549,541,0,USD
2018-05-30,563,546,565,546,0,USD
2018-05-31,558,563,565,557,0,USD
2018-06-01,561,558,565,558,0,USD
2018-06-04,556,561,567,555,0,USD
2018-06-05,554,556,559,552,0,USD
2018-06-06,557,554,559,553,0,USD
2018-06-07,566,557,569,557,0,USD
2018-06-08,565,566,568,561,0,USD
2018-06-11,567,565,570,563,0,USD
2018-06-12,563,567,569,562,0,USD
2018-06-13,561,563,564,559,0,USD
2018-06-14,559,561,564,559,0,USD
2018-06-15,548,559,559,547,0,USD
2018-06-18,554,548,557,547,0,USD
2018-06-19,552,554,554,545,0,USD
2018-06-20,555,552,556,550,0,USD
2018-06-21,544,555,555,542,0,USD
2018-06-22,556,544,561,544,0,USD
2018-06-25,544,556,556,541,0,USD
2018-06-26,551,544,553,544,0,USD
2018-06-27,559,551,565,551,0,USD
2018-06-28,558,559,561,554,0,USD
2018-06-29,562,558,567,558,0,USD
2018-07-02,553,562,562,550,0,USD
2018-07-03,557,553,565,553,0,USD
2018-07-05,556,557,562,555,0,USD
2018-07-06,560,556,561,552,0,USD
2018-07-09,568,560,568,560,0,USD
2018-07-10,572,568,577,568,0,USD
2018-07-11,560,572,572,556,0,USD
2018-07-12,561,560,564,557,0,USD
2018-07-13,564,561,567,561,0,USD
2018-07-16,557,564,564,553,0,USD
2018-07-17,555,557,558,552,0,USD
2018-07-18,555,555,556,547,0,USD
2018-07-19,555,555,558,553,0,USD
2018-07-20,553,555,557,552,0,USD
2018-07-23,551,553,555,550,0,USD
2018-07-24,558,551,562,551,0,USD
2018-07-25,564,558,564,556,0,USD
2018-07-26,569,564,570,563,0,USD
2018-07-27,566,569,569,562,0,USD
2018-07-30,571,566,573,566,0,USD
2018-07-31,569,571,573,568,0,USD
2018-08-01,562,569,569,559,0,USD
2018-08-02,559,562,562,554,0,USD
2018-08-03,556,559,559,553,0,USD
2018-08-06,558,556,560,554,0,USD
2018-08-07,562,558,565,558,0,USD
2018-08-08,558,562,562,554,0,USD
2018-08-09,553,558,559,552,0,USD
2018-08-10,554,553,554,549,0,USD
2018-08-13,547,554,555,547,0,USD
2018-08-14,549,547,553,547,0,USD
2018-08-15,530,549,549,528,0,USD
2018-08-16,533,530,536,530,0,USD
2018-08-17,534,533,536,532,0,USD
2018-08-20,538,534,540,534,0,USD
2018-08-21,540,538,545,538,0,USD
2018-08-22,547,540,549,540,0,USD
2018-08-23,544,547,547,542,0,USD
2018-08-24,548,544,551,544,0,USD
2018-08-27,552,548,553,548,0,USD
2018-08-28,550,552,556,550,0,USD
2018-08-29,553,550,556,550,0,USD
2018-08-30,552,553,554,549,0,USD
2018-08-31,548,552,552,545,0,USD
2018-09-04,546,548,550,544,0,USD
2018-09-05,546,546,546,538,0,USD
2018-09-06,535,546,546,534,0,USD
2018-09-07,535,535,536,527,0,USD
2018-09-10,535,535,540,535,0,USD
2018-09-11,540,535,543,533,0,USD
2018-09-12,543,540,548,540,0,USD
2018-09-13,543,543,544,538,0,USD
2018-09-14,546,543,548,543,0,USD
2018-09-17,547,546,550,546,0,USD
2018-09-18,551,547,554,547,0,USD
2018-09-19,553,551,555,550,0,USD
2018-09-20,552,553,557,552,0,USD
2018-09-21,556,552,558,551,0,USD
2018-09-24,565,556,567,556,0,USD
2018-09-25,568,565,570,565,0,USD
2018-09-26,562,568,568,562,0,USD
2018-09-27,562,562,565,561,0,USD
2018-09-28,561,562,567,560,0,USD
2018-10-01,569,561,571,561,0,USD
2018-10-02,570,569,571,566,0,USD
2018-10-03,575,570,576,570,0,USD
2018-10-04,572,575,575,568,0,USD
2018-10-05,571,572,573,568,0,USD
2018-10-08,571,571,572,565,0,USD
2018-10-09,577,571,580,571,0,USD
2018-10-10,556,577,578,556,0,USD
2018-10-11,539,556,556,535,0,USD
2018-10-12,541,539,546,532,0,USD
2018-10-15,536,541,543,536,0,USD
2018-10-16,541,536,541,536,0,USD
2018-10-17,537,541,541,533,0,USD
2018-10-18,534,537,539,531,0,USD
2018-10-19,530,534,538,530,0,USD
2018-10-22,524,530,531,521,0,USD
2018-10-23,510,524,524,503,0,USD
2018-10-24,491,510,512,490,0,USD
2018-10-25,496,491,501,491,0,USD
2018-10-26,493,496,499,485,0,USD
2018-10-29,483,493,497,477,0,USD
2018-10-30,494,483,496,482,0,USD
2018-10-31,497,494,506,494,0,USD
2018-11-01,502,497,504,493,0,USD
2018-11-02,501,502,511,495,0,USD
2018-11-05,509,501,511,501,0,USD
2018-11-06,511,509,512,505,0,USD
2018-11-07,519,511,521,511,0,USD
2018-11-08,508,519,521,506,0,USD
2018-11-09,506,508,509,497,0,USD
2018-11-12,495,506,511,494,0,USD
2018-11-13,483,495,496,481,0,USD
2018-11-14,483,483,493,479,0,USD
2018-11-15,490,483,490,475,0,USD
2018-11-16,495,490,496,490,0,USD
2018-11-19,495,495,496,490,0,USD
2018-11-20,478,495,495,475,0,USD
2018-11-21,486,478,491,478,0,USD
2018-11-23,470,486,486,467,0,USD
2018-11-26,478,470,481,470,0,USD
2018-11-27,476,478,480,474,0,USD
2018-11-28,485,476,485,473,0,USD
2018-11-29,488,485,491,484,0,USD
2018-11-30,486,488,488,481,0,USD
2018-12-03,498,486,500,486,0,USD
2018-12-04,483,498,499,482,0,USD
2018-12-06,474,483,483,464,0,USD
2018-12-07,471,474,490,471,0,USD
2018-12-10,464,471,471,453,0,USD
2018-12-11,464,464,472,459,0,USD
2018-12-12,465,464,474,464,0,USD
2018-12-13,467,465,470,462,0,USD
2018-12-14,456,467,467,454,0,USD
2018-12-17,447,456,458,445,0,USD
2018-12-18,437,447,448,435,0,USD
2018-12-19,432,437,447,428,0,USD
2018-12-20,419,432,433,417,0,USD
2018-12-21,415,419,426,412,0,USD
2018-12-24,398,415,415,398,0,USD
2018-12-26,423,398,423,395,0,USD
2018-12-27,426,423,426,409,0,USD
2018-12-28,422,426,429,420,0,USD
2018-12-31,424,422,427,419,0,USD
2019-01-02,433,424,435,416,0,USD
2019-01-03,428,433,435,424,0,USD
2019-01-04,443,428,444,428,0,USD
2019-01-07,449,443,453,440,0,USD
2019-01-08,453,449,457,449,0,USD
2019-01-09,460,453,461,453,0,USD
2019-01-10,461,460,461,454,0,USD
2019-01-11,458,461,461,454,0,USD
2019-01-14,457,458,459,454,0,USD
2019-01-15,459,457,463,457,0,USD
2019-01-16,458,459,462,457,0,USD
2019-01-17,463,458,464,454,0,USD
2019-01-18,472,463,473,463,0,USD
2019-01-22,461,472,472,460,0,USD
2019-01-23,457,461,463,453,0,USD
2019-01-24,459,457,463,454,0,USD
2019-01-25,465,459,467,459,0,USD
2019-01-28,460,465,465,455,0,USD
2019-01-29,461,460,465,460,0,USD
2019-01-30,467,461,469,461,0,USD
2019-01-31,471,467,473,467,0,USD
2019-02-01,479,471,482,471,0,USD
2019-02-04,480,479,480,473,0,USD
2019-02-05,481,480,482,478,0,USD
2019-02-06,477,481,481,477,0,USD
2019-02-07,467,477,477,463,0,USD
2019-02-08,464,467,467,456,0,USD
2019-02-11,466,464,467,460,0,USD
2019-02-12,471,466,474,466,0,USD
2019-02-13,478,471,481,471,0,USD
2019-02-14,478,478,482,474,0,USD
2019-02-15,486,478,486,478,0,USD
2019-02-19,487,486,489,483,0,USD
2019-02-20,489,487,492,487,0,USD
2019-02-21,482,489,489,480,0,USD
2019-02-22,483,482,487,481,0,USD
2019-02-25,484,483,486,483,0,USD
2019-02-26,483,484,487,483,0,USD
2019-02-27,485,483,490,482,0,USD
2019-02-28,480,485,485,477,0,USD
2019-03-01,489,480,489,480,0,USD
2019-03-04,490,489,492,482,0,USD
2019-03-05,488,490,490,485,0,USD
2019-03-06,482,488,488,479,0,USD
2019-03-07,479,482,482,477,0,USD
2019-03-08,470,479,479,466,0,USD
2019-03-11,477,470,478,470,0,USD
2019-03-12,480,477,482,477,0,USD
2019-03-13,485,480,485,480,0,USD
2019-03-14,485,485,488,485,0,USD
2019-03-15,485,485,486,484,0,USD
2019-03-18,492,485,492,485,0,USD
2019-03-19,490,492,497,488,0,USD
2019-03-20,495,490,499,489,0,USD
2019-03-21,498,495,499,492,0,USD
2019-03-22,485,498,498,483,0,USD
2019-03-25,485,485,486,481,0,USD
2019-03-26,492,485,495,485,0,USD
2019-03-27,488,492,493,485,0,USD
2019-03-28,490,488,491,486,0,USD
2019-03-29,489,490,496,488,0,USD
2019-04-01,496,489,497,489,0,USD
2019-04-02,493,496,498,491,0,USD
2019-04-03,488,493,495,486,0,USD
2019-04-04,492,488,492,486,0,USD
2019-04-05,500,492,501,492,0,USD
2019-04-08,503,500,505,500,0,USD
2019-04-09,496,503,503,495,0,USD
2019-04-10,499,496,501,496,0,USD
2019-04-11,499,499,502,495,0,USD
2019-04-12,500,499,504,498,0,USD
2019-04-15,497,500,500,496,0,USD
2019-04-16,500,497,501,497,0,USD
2019-04-17,500,500,504,499,0,USD
2019-04-18,497,500,502,496,0,USD
2019-04-22,507,497,508,497,0,USD
2019-04-23,507,507,509,504,0,USD
2019-04-24,498,507,507,498,0,USD
2019-04-25,497,498,501,495,0,USD
2019-04-26,490,497,497,486,0,USD
2019-04-29,489,490,492,488,0,USD
2019-04-30,489,489,494,488,0,USD
2019-05-01,479,489,490,479,0,USD
2019-05-02,471,479,479,471,0,USD
2019-05-03,475,471,479,471,0,USD
2019-05-06,474,475,477,471,0,USD
2019-05-07,471,474,474,465,0,USD
2019-05-08,471,471,475,470,0,USD
2019-05-09,471,471,473,465,0,USD
2019-05-10,472,471,473,463,0,USD
2019-05-13,464,472,472,462,0,USD
2019-05-14,469,464,473,464,0,USD
2019-05-15,471,469,472,465,0,USD
2019-05-16,473,471,475,471,0,USD
2019-05-17,468,473,473,468,0,USD
2019-05-20,469,468,471,467,0,USD
2019-05-21,474,469,475,469,0,USD
2019-05-22,466,474,474,465,0,USD
2019-05-23,452,466,466,448,0,USD
2019-05-24,452,452,456,449,0,USD
2019-05-28,447,452,454,447,0,USD
2019-05-29,444,447,447,439,0,USD
2019-05-30,439,444,445,438,0,USD
2019-05-31,432,439,439,432,0,USD
2019-06-03,438,432,439,432,0,USD
2019-06-04,445,438,446,438,0,USD
2019-06-05,440,445,446,437,0,USD
2019-06-06,448,440,449,440,0,USD
2019-06-07,450,448,452,448,0,USD
2019-06-10,451,450,455,450,0,USD
2019-06-11,452,451,456,451,0,USD
2019-06-12,445,452,452,444,0,USD
2019-06-13,451,445,453,445,0,USD
2019-06-14,447,451,451,447,0,USD
2019-06-17,452,447,453,445,137814464,USD
2019-06-18,458,452,460,452,160733472,USD
2019-06-19,457,458,460,455,148674608,USD
2019-06-20,467,457,468,457,191282096,USD
2019-06-21,471,467,472,467,240824976,USD
2019-06-24,466,471,471,466,139242720,USD
2019-06-25,462,466,466,462,136140288,USD
2019-06-26,469,462,473,462,162710208,USD
2019-06-27,466,469,471,465,129502112,USD
2019-06-28,471,466,472,466,203939776,USD
2019-07-01,472,471,479,471,151863136,USD
2019-07-02,464,472,472,462,178358336,USD
2019-07-03,466,464,466,462,84145072,USD
2019-07-05,467,466,467,463,109086104,USD
2019-07-08,467,467,470,465,134744112,USD
2019-07-09,468,467,468,464,133126968,USD
2019-07-10,474,468,475,468,140513040,USD
2019-07-11,475,474,475,472,125483088,USD
2019-07-12,477,475,478,475,116541656,USD
2019-07-15,472,477,477,471,135697664,USD
2019-07-16,467,472,472,465,154455168,USD
2019-07-17,462,467,468,462,150682192,USD
2019-07-18,462,462,462,457,172445584,USD
2019-07-19,464,462,465,460,152390128,USD
2019-07-22,466,464,467,462,139733728,USD
2019-07-23,467,466,469,465,134940896,USD
2019-07-24,469,467,472,466,132391688,USD
2019-07-25,464,469,471,463,141357616,USD
2019-07-26,461,464,464,460,161491520,USD
2019-07-29,460,461,461,457,153647472,USD
2019-07-30,465,460,466,457,174490800,USD
2019-07-31,462,465,469,460,207516800,USD
2019-08-01,452,462,462,450,266029792,USD
2019-08-02,446,452,457,442,215210080,USD
2019-08-05,433,446,446,430,223241136,USD
2019-08-06,432,433,436,428,198319456,USD
2019-08-07,429,432,432,422,246901408,USD
2019-08-08,441,429,442,429,255345712,USD
2019-08-09,436,441,442,435,146743440,USD
2019-08-12,430,436,436,428,106619808,USD
2019-08-13,434,430,438,426,182612992,USD
2019-08-14,416,434,434,416,205186768,USD
2019-08-15,414,416,416,410,180442480,USD
2019-08-16,419,414,420,414,154467424,USD
2019-08-19,428,419,429,419,154656112,USD
2019-08-20,424,428,428,423,125953936,USD
2019-08-21,427,424,429,424,138519184,USD
2019-08-22,425,427,430,425,121576256,USD
2019-08-23,411,425,425,409,189639424,USD
2019-08-26,413,411,416,411,139527504,USD
2019-08-27,410,413,416,408,143045632,USD
2019-08-28,416,410,418,410,136973504,USD
2019-08-29,422,416,423,416,145523488,USD
2019-08-30,422,422,427,419,139026096,USD
2019-09-03,420,422,422,414,148136832,USD
2019-09-04,426,420,427,420,126202472,USD
2019-09-05,431,426,435,426,160899024,USD
2019-09-06,433,431,434,428,142059360,USD
2019-09-09,441,433,442,433,174180368,USD
2019-09-10,447,441,453,441,196677056,USD
2019-09-11,447,447,452,444,175131552,USD
2019-09-12,444,447,447,438,218323792,USD
2019-09-13,448,444,450,444,157096704,USD
2019-09-16,463,448,465,448,360595136,USD
2019-09-17,456,463,463,453,227645856,USD
2019-09-18,454,456,456,451,152806224,USD
2019-09-19,452,454,457,451,138324112,USD
2019-09-20,452,452,454,451,241603936,USD
2019-09-23,453,452,454,449,131138608,USD
2019-09-24,445,453,453,443,168687952,USD
2019-09-25,446,445,447,443,150888688,USD
2019-09-26,440,446,446,438,152243488,USD
2019-09-27,440,440,444,437,173094880,USD
2019-09-30,437,440,440,437,138242112,USD
2019-10-01,427,437,440,427,154309280,USD
2019-10-02,416,427,427,415,170305600,USD
2019-10-03,421,416,421,411,143526816,USD
2019-10-04,424,421,424,418,125366840,USD
2019-10-07,420,424,426,420,144577856,USD
2019-10-08,412,420,420,412,163867248,USD
2019-10-09,417,412,419,412,137035248,USD
2019-10-10,422,417,423,417,133870160,USD
2019-10-11,428,422,431,422,150679232,USD
2019-10-14,428,428,429,423,134091072,USD
2019-10-15,429,428,433,426,136618848,USD
2019-10-16,423,429,430,423,145433648,USD
2019-10-17,423,423,426,422,150103920,USD
2019-10-18,421,423,425,421,187618128,USD
2019-10-21,428,421,429,421,162460416,USD
2019-10-22,434,428,439,428,150324992,USD
2019-10-23,437,434,438,431,143432000,USD
2019-10-24,436,437,440,433,145727008,USD
2019-10-25,439,436,440,435,153748992,USD
2019-10-28,436,439,443,435,149012000,USD
2019-10-29,438,436,441,433,171164992,USD
2019-10-30,429,438,439,427,169599008,USD
2019-10-31,427,429,429,423,192936992,USD
2019-11-01,437,427,438,427,160868992,USD
2019-11-04,451,437,452,437,196906000,USD
2019-11-05,453,451,456,451,208708992,USD
2019-11-06,443,453,453,442,186892000,USD
2019-11-07,450,443,451,443,180694000,USD
2019-11-08,446,450,450,441,152367008,USD
2019-11-11,444,446,446,440,124114000,USD
2019-11-12,441,444,447,439,149248992,USD
2019-11-13,439,441,441,437,142904992,USD
2019-11-14,438,439,441,436,138112000,USD
2019-11-15,440,438,442,438,158699008,USD
2019-11-18,435,440,440,433,155487008,USD
2019-11-19,428,435,435,428,157462000,USD
2019-11-20,433,428,436,425,181810000,USD
2019-11-21,440,433,440,433,160224000,USD
2019-11-22,438,440,443,438,140400000,USD
2019-11-25,439,438,439,436,160210000,USD
2019-11-26,434,439,439,433,222380000,USD
2019-11-27,436,434,437,432,126803000,USD
2019-11-29,431,436,436,430,81521000,USD
2019-12-02,431,431,436,431,172468000,USD
2019-12-03,425,431,431,424,184599008,USD
2019-12-04,431,425,433,425,166088992,USD
2019-12-05,429,431,434,428,151262000,USD
2019-12-06,438,429,439,429,165484000,USD
2019-12-09,437,438,439,434,150456992,USD
2019-12-10,437,437,439,436,147235008,USD
2019-12-11,437,437,440,436,148936000,USD
2019-12-12,445,437,446,437,172687008,USD
2019-12-13,441,445,449,441,149810000,USD
2019-12-16,448,441,449,441,176720992,USD
2019-12-17,447,448,451,446,174984000,USD
2019-12-18,449,447,452,447,177144000,USD
2019-12-19,449,449,450,448,150368992,USD
2019-12-20,452,449,453,449,284772000,USD
2019-12-23,457,452,458,452,157282000,USD
2019-12-24,457,457,459,456,60460000,USD
2019-12-26,457,457,461,456,98162000,USD
2019-12-27,455,457,459,455,104191000,USD
2019-12-30,453,455,458,453,116821000,USD
2019-12-31,456,453,457,450,120899000,USD
